MEI File,Title,Mass Title,Section Title,Composer,Composer VIAF,Composer BNF ID,Date of Piece,Editor,Date Last Revised,Source_ID,Source Short Title,Source Title,Source Publisher,Publisher VIAF,Publisher BNF ID,Source Date,Source Reference,Source Location,Source Institution,Source Shelfmark ,Rights Statement,Copyright Owner(s)
CRIM_Mass_0001_1.mei,Missa Confitemini: Kyrie,Missa Confitemini,Kyrie,Pierre Colin,https://viaf.org/viaf/195668/,https://data.bnf.fr/ark:/12148/cb13892636z,1556,Vincent Besson | Marco Gurrieri | Richard Freedman,This will be the date we make these updates!,CRIM_Source_0001,"Missa cum quatuor vocibus ad imitationem moduli Confitemini, condita.","Missa cum quatuor vocibus ad imitationem moduli Confitemini, condita. Nunc primum in lucem edita… Autore D. Petro Colin, pueris symphoniacis Ecclesiae Eduensis, praefecto.",Nicolas Du Chemin,http://viaf.org/viaf/9901501,https://data.bnf.fr/ark:/12148/cb12230484c,1556,"RISM A I, C 3312",Paris,Bibliothèque nationale de France,RESVM1-10,This work is licensed under a Creative Commons Attribution-NonCommercial 4.0 International License,Centre d'Études Supérieures de la Renaissance | Haverford College
CRIM_Mass_0001_2.mei,Missa Confitemini: Gloria,Missa Confitemini,Gloria,Pierre Colin,https://viaf.org/viaf/195668/,https://data.bnf.fr/ark:/12148/cb13892636z,1556,Vincent Besson | Marco Gurrieri | Richard Freedman,,CRIM_Source_0001,"Missa cum quatuor vocibus ad imitationem moduli Confitemini, condita.","Missa cum quatuor vocibus ad imitationem moduli Confitemini, condita. Nunc primum in lucem edita… Autore D. Petro Colin, pueris symphoniacis Ecclesiae Eduensis, praefecto.",Nicolas Du Chemin,http://viaf.org/viaf/9901501,https://data.bnf.fr/ark:/12148/cb12230484c,1556,"RISM A I, C 3312",Paris,Bibliothèque nationale de France,RESVM1-10,This work is licensed under a Creative Commons Attribution-NonCommercial 4.0 International License,Centre d'Études Supérieures de la Renaissance | Haverford College
CRIM_Mass_0001_3.mei,Missa Confitemini: Credo,Missa Confitemini,Credo,Pierre Colin,https://viaf.org/viaf/195668/,https://data.bnf.fr/ark:/12148/cb13892636z,1556,Vincent Besson | Marco Gurrieri | Richard Freedman,,CRIM_Source_0001,"Missa cum quatuor vocibus ad imitationem moduli Confitemini, condita.","Missa cum quatuor vocibus ad imitationem moduli Confitemini, condita. Nunc primum in lucem edita… Autore D. Petro Colin, pueris symphoniacis Ecclesiae Eduensis, praefecto.",Nicolas Du Chemin,http://viaf.org/viaf/9901501,https://data.bnf.fr/ark:/12148/cb12230484c,1556,"RISM A I, C 3312",Paris,Bibliothèque nationale de France,RESVM1-10,This work is licensed under a Creative Commons Attribution-NonCommercial 4.0 International License,Centre d'Études Supérieures de la Renaissance | Haverford College
CRIM_Mass_0001_4.mei,Missa Confitemini: Sanctus,Missa Confitemini,Sanctus,Pierre Colin,https://viaf.org/viaf/195668/,https://data.bnf.fr/ark:/12148/cb13892636z,1556,Vincent Besson | Marco Gurrieri | Richard Freedman,,CRIM_Source_0001,"Missa cum quatuor vocibus ad imitationem moduli Confitemini, condita.","Missa cum quatuor vocibus ad imitationem moduli Confitemini, condita. Nunc primum in lucem edita… Autore D. Petro Colin, pueris symphoniacis Ecclesiae Eduensis, praefecto.",Nicolas Du Chemin,http://viaf.org/viaf/9901501,https://data.bnf.fr/ark:/12148/cb12230484c,1556,"RISM A I, C 3312",Paris,Bibliothèque nationale de France,RESVM1-10,This work is licensed under a Creative Commons Attribution-NonCommercial 4.0 International License,Centre d'Études Supérieures de la Renaissance | Haverford College
CRIM_Mass_0001_5.mei,Missa Confitemini: Agnus Dei,Missa Confitemini,Agnus Dei,Pierre Colin,https://viaf.org/viaf/195668/,https://data.bnf.fr/ark:/12148/cb13892636z,1556,Vincent Besson | Marco Gurrieri | Richard Freedman,,CRIM_Source_0001,"Missa cum quatuor vocibus ad imitationem moduli Confitemini, condita.","Missa cum quatuor vocibus ad imitationem moduli Confitemini, condita. Nunc primum in lucem edita… Autore D. Petro Colin, pueris symphoniacis Ecclesiae Eduensis, praefecto.",Nicolas Du Chemin,http://viaf.org/viaf/9901501,https://data.bnf.fr/ark:/12148/cb12230484c,1556,"RISM A I, C 3312",Paris,Bibliothèque nationale de France,RESVM1-10,This work is licensed under a Creative Commons Attribution-NonCommercial 4.0 International License,Centre d'Études Supérieures de la Renaissance | Haverford College
,,,,,,,,,,,,,,,,,,,,,,
CRIM_Mass_0002_1.mei,Missa Vidi speciosam: Kyrie,Missa Vidi speciosam,Kyrie,Mathieu Sohier,http://viaf.org/viaf/32271712,https://data.bnf.fr/ark:/12148/cb14984519p,1556,Vincent Besson | Marco Gurrieri | Richard Freedman,,CRIM_Source_0002,"Missa cum quinque vocibus, ad imitationem moduli Vidi speciosam, condita.","Missa cum quinque vocibus, ad imitationem moduli Vidi speciosam, condita . Nunc primùm in lucem edita. Autore D. Mathaeo Sohier, quondam pueris symphoniacis Ecclesiae Parisiensis, praefecto.",Nicolas Du Chemin,http://viaf.org/viaf/9901501,https://data.bnf.fr/ark:/12148/cb12230484c,1556,"RISM A I, S 3839",Paris,Bibliothèque nationale de France,RES VM1-13,This work is licensed under a Creative Commons Attribution-NonCommercial 4.0 International License,Centre d'Études Supérieures de la Renaissance | Haverford College
CRIM_Mass_0002_2.mei,Missa Vidi speciosam: Gloria,Missa Vidi speciosam,Gloria,Mathieu Sohier,http://viaf.org/viaf/32271712,https://data.bnf.fr/ark:/12148/cb14984519p,1556,Vincent Besson | Marco Gurrieri | Richard Freedman,,CRIM_Source_0002,"Missa cum quinque vocibus, ad imitationem moduli Vidi speciosam, condita.","Missa cum quinque vocibus, ad imitationem moduli Vidi speciosam, condita . Nunc primùm in lucem edita. Autore D. Mathaeo Sohier, quondam pueris symphoniacis Ecclesiae Parisiensis, praefecto.",Nicolas Du Chemin,http://viaf.org/viaf/9901501,https://data.bnf.fr/ark:/12148/cb12230484c,1556,"RISM A I, S 3839",Paris,Bibliothèque nationale de France,RES VM1-13,This work is licensed under a Creative Commons Attribution-NonCommercial 4.0 International License,Centre d'Études Supérieures de la Renaissance | Haverford College
CRIM_Mass_0002_3.mei,Missa Vidi speciosam: Credo,Missa Vidi speciosam,Credo,Mathieu Sohier,http://viaf.org/viaf/32271712,https://data.bnf.fr/ark:/12148/cb14984519p,1556,Vincent Besson | Marco Gurrieri | Richard Freedman,,CRIM_Source_0002,"Missa cum quinque vocibus, ad imitationem moduli Vidi speciosam, condita.","Missa cum quinque vocibus, ad imitationem moduli Vidi speciosam, condita . Nunc primùm in lucem edita. Autore D. Mathaeo Sohier, quondam pueris symphoniacis Ecclesiae Parisiensis, praefecto.",Nicolas Du Chemin,http://viaf.org/viaf/9901501,https://data.bnf.fr/ark:/12148/cb12230484c,1556,"RISM A I, S 3839",Paris,Bibliothèque nationale de France,RES VM1-13,This work is licensed under a Creative Commons Attribution-NonCommercial 4.0 International License,Centre d'Études Supérieures de la Renaissance | Haverford College
CRIM_Mass_0002_4.mei,Missa Vidi speciosam: Sanctus,Missa Vidi speciosam,Sanctus,Mathieu Sohier,http://viaf.org/viaf/32271712,https://data.bnf.fr/ark:/12148/cb14984519p,1556,Vincent Besson | Marco Gurrieri | Richard Freedman,,CRIM_Source_0002,"Missa cum quinque vocibus, ad imitationem moduli Vidi speciosam, condita.","Missa cum quinque vocibus, ad imitationem moduli Vidi speciosam, condita . Nunc primùm in lucem edita. Autore D. Mathaeo Sohier, quondam pueris symphoniacis Ecclesiae Parisiensis, praefecto.",Nicolas Du Chemin,http://viaf.org/viaf/9901501,https://data.bnf.fr/ark:/12148/cb12230484c,1556,"RISM A I, S 3839",Paris,Bibliothèque nationale de France,RES VM1-13,This work is licensed under a Creative Commons Attribution-NonCommercial 4.0 International License,Centre d'Études Supérieures de la Renaissance | Haverford College
CRIM_Mass_0002_5.mei,Missa Vidi speciosam: Agnus Dei,Missa Vidi speciosam,Agnus Dei,Mathieu Sohier,http://viaf.org/viaf/32271712,https://data.bnf.fr/ark:/12148/cb14984519p,1556,Vincent Besson | Marco Gurrieri | Richard Freedman,,CRIM_Source_0002,"Missa cum quinque vocibus, ad imitationem moduli Vidi speciosam, condita.","Missa cum quinque vocibus, ad imitationem moduli Vidi speciosam, condita . Nunc primùm in lucem edita. Autore D. Mathaeo Sohier, quondam pueris symphoniacis Ecclesiae Parisiensis, praefecto.",Nicolas Du Chemin,http://viaf.org/viaf/9901501,https://data.bnf.fr/ark:/12148/cb12230484c,1556,"RISM A I, S 3839",Paris,Bibliothèque nationale de France,RES VM1-13,This work is licensed under a Creative Commons Attribution-NonCommercial 4.0 International License,Centre d'Études Supérieures de la Renaissance | Haverford College
,,,,,,,,,,,,,,,,,,,,,,
CRIM_Mass_0003_1.mei,Missa O gente brunette: Kyrie,Missa O gente brunette,Kyrie,Nicolas De Marle,https://viaf.org/viaf/44485735,https://data.bnf.fr/ark:/12148/cb13897105h,1568,Vincent Besson | Marco Gurrieri | Richard Freedman,,CRIM_Source_0009,"Missa cum quatuor vocibus Ad imitationem Cantionis, O gente brunette, condita. ","Missa cum quatuor vocibus Ad imitationem Cantionis, O gente brunette, condita. Authore D. Nicolao De Marle, puerorum chorialium insignis Ecclesiae Novionensis Moderatore.",Nicolas Du Chemin,http://viaf.org/viaf/9901501,https://data.bnf.fr/ark:/12148/cb12230484c,1568,"RISM A I, M 711",Paris,Bibliothèque nationale de France,RES VM1-22,This work is licensed under a Creative Commons Attribution-NonCommercial 4.0 International License,Centre d'Études Supérieures de la Renaissance | Haverford College
CRIM_Mass_0003_2.mei,Missa O gente brunette: Gloria,Missa O gente brunette,Gloria,Nicolas De Marle,https://viaf.org/viaf/44485735,https://data.bnf.fr/ark:/12148/cb13897105h,1568,Vincent Besson | Marco Gurrieri | Richard Freedman,,CRIM_Source_0009,"Missa cum quatuor vocibus Ad imitationem Cantionis, O gente brunette, condita. ","Missa cum quatuor vocibus Ad imitationem Cantionis, O gente brunette, condita. Authore D. Nicolao De Marle, puerorum chorialium insignis Ecclesiae Novionensis Moderatore.",Nicolas Du Chemin,http://viaf.org/viaf/9901501,https://data.bnf.fr/ark:/12148/cb12230484c,1568,"RISM A I, M 711",Paris,Bibliothèque nationale de France,RES VM1-22,This work is licensed under a Creative Commons Attribution-NonCommercial 4.0 International License,Centre d'Études Supérieures de la Renaissance | Haverford College
CRIM_Mass_0003_3.mei,Missa O gente brunette: Credo,Missa O gente brunette,Credo,Nicolas De Marle,https://viaf.org/viaf/44485735,https://data.bnf.fr/ark:/12148/cb13897105h,1568,Vincent Besson | Marco Gurrieri | Richard Freedman,,CRIM_Source_0009,"Missa cum quatuor vocibus Ad imitationem Cantionis, O gente brunette, condita. ","Missa cum quatuor vocibus Ad imitationem Cantionis, O gente brunette, condita. Authore D. Nicolao De Marle, puerorum chorialium insignis Ecclesiae Novionensis Moderatore.",Nicolas Du Chemin,http://viaf.org/viaf/9901501,https://data.bnf.fr/ark:/12148/cb12230484c,1568,"RISM A I, M 711",Paris,Bibliothèque nationale de France,RES VM1-22,This work is licensed under a Creative Commons Attribution-NonCommercial 4.0 International License,Centre d'Études Supérieures de la Renaissance | Haverford College
CRIM_Mass_0003_4.mei,Missa O gente brunette: Sanctus,Missa O gente brunette,Sanctus,Nicolas De Marle,https://viaf.org/viaf/44485735,https://data.bnf.fr/ark:/12148/cb13897105h,1568,Vincent Besson | Marco Gurrieri | Richard Freedman,,CRIM_Source_0009,"Missa cum quatuor vocibus Ad imitationem Cantionis, O gente brunette, condita. ","Missa cum quatuor vocibus Ad imitationem Cantionis, O gente brunette, condita. Authore D. Nicolao De Marle, puerorum chorialium insignis Ecclesiae Novionensis Moderatore.",Nicolas Du Chemin,http://viaf.org/viaf/9901501,https://data.bnf.fr/ark:/12148/cb12230484c,1568,"RISM A I, M 711",Paris,Bibliothèque nationale de France,RES VM1-22,This work is licensed under a Creative Commons Attribution-NonCommercial 4.0 International License,Centre d'Études Supérieures de la Renaissance | Haverford College
CRIM_Mass_0003_5.mei,Missa O gente brunette: Agnus Dei,Missa O gente brunette,Agnus Dei,Nicolas De Marle,https://viaf.org/viaf/44485735,https://data.bnf.fr/ark:/12148/cb13897105h,1568,Vincent Besson | Marco Gurrieri | Richard Freedman,,CRIM_Source_0009,"Missa cum quatuor vocibus Ad imitationem Cantionis, O gente brunette, condita. ","Missa cum quatuor vocibus Ad imitationem Cantionis, O gente brunette, condita. Authore D. Nicolao De Marle, puerorum chorialium insignis Ecclesiae Novionensis Moderatore.",Nicolas Du Chemin,http://viaf.org/viaf/9901501,https://data.bnf.fr/ark:/12148/cb12230484c,1568,"RISM A I, M 711",Paris,Bibliothèque nationale de France,RES VM1-22,This work is licensed under a Creative Commons Attribution-NonCommercial 4.0 International License,Centre d'Études Supérieures de la Renaissance | Haverford College
,,,,,,,,,,,,,,,,,,,,,,
CRIM_Mass_0004_1.mei,Missa Virginis Mariae: Kyrie,Missa Virginis Mariae,Kyrie,Pierre Clereau,http://viaf.org/viaf/19864891,https://data.bnf.fr/ark:/12148/cb138925778,1557,Vincent Besson | Marco Gurrieri | Richard Freedman,,CRIM_Source_0011,"Missa cum quatuor vocibus, Ad imitationem Missae Virginis Mariae, condita. ","Missa cum quatuor vocibus, ad imitationem Missae Virginis Mariae, condita . Nunc primum in lucem edita. Authore D. Petro Cler'eau, quondam pueris symphoniacis Ecclesiae Tulensis, praefecto.",Nicolas Du Chemin,http://viaf.org/viaf/9901501,https://data.bnf.fr/ark:/12148/cb12230484c,1557,"RISM A I, C 3187",Paris,Bibliothèque nationale de France,RES VM1-18 ,This work is licensed under a Creative Commons Attribution-NonCommercial 4.0 International License,Centre d'Études Supérieures de la Renaissance | Haverford College
CRIM_Mass_0004_2.mei,Missa Virginis Mariae: Gloria,Missa Virginis Mariae,Gloria,Pierre Clereau,http://viaf.org/viaf/19864891,https://data.bnf.fr/ark:/12148/cb138925778,1557,Vincent Besson | Marco Gurrieri | Richard Freedman,,CRIM_Source_0011,"Missa cum quatuor vocibus, Ad imitationem Missae Virginis Mariae, condita. ","Missa cum quatuor vocibus, ad imitationem Missae Virginis Mariae, condita . Nunc primum in lucem edita. Authore D. Petro Cler'eau, quondam pueris symphoniacis Ecclesiae Tulensis, praefecto.",Nicolas Du Chemin,http://viaf.org/viaf/9901501,https://data.bnf.fr/ark:/12148/cb12230484c,1557,"RISM A I, C 3187",Paris,Bibliothèque nationale de France,RES VM1-18 ,This work is licensed under a Creative Commons Attribution-NonCommercial 4.0 International License,Centre d'Études Supérieures de la Renaissance | Haverford College
CRIM_Mass_0004_3.mei,Missa Virginis Mariae: Credo,Missa Virginis Mariae,Credo,Pierre Clereau,http://viaf.org/viaf/19864891,https://data.bnf.fr/ark:/12148/cb138925778,1557,Vincent Besson | Marco Gurrieri | Richard Freedman,,CRIM_Source_0011,"Missa cum quatuor vocibus, Ad imitationem Missae Virginis Mariae, condita. ","Missa cum quatuor vocibus, ad imitationem Missae Virginis Mariae, condita . Nunc primum in lucem edita. Authore D. Petro Cler'eau, quondam pueris symphoniacis Ecclesiae Tulensis, praefecto.",Nicolas Du Chemin,http://viaf.org/viaf/9901501,https://data.bnf.fr/ark:/12148/cb12230484c,1557,"RISM A I, C 3187",Paris,Bibliothèque nationale de France,RES VM1-18 ,This work is licensed under a Creative Commons Attribution-NonCommercial 4.0 International License,Centre d'Études Supérieures de la Renaissance | Haverford College
CRIM_Mass_0004_4.mei,Missa Virginis Mariae: Sanctus,Missa Virginis Mariae,Sanctus,Pierre Clereau,http://viaf.org/viaf/19864891,https://data.bnf.fr/ark:/12148/cb138925778,1557,Vincent Besson | Marco Gurrieri | Richard Freedman,,CRIM_Source_0011,"Missa cum quatuor vocibus, Ad imitationem Missae Virginis Mariae, condita. ","Missa cum quatuor vocibus, ad imitationem Missae Virginis Mariae, condita . Nunc primum in lucem edita. Authore D. Petro Cler'eau, quondam pueris symphoniacis Ecclesiae Tulensis, praefecto.",Nicolas Du Chemin,http://viaf.org/viaf/9901501,https://data.bnf.fr/ark:/12148/cb12230484c,1557,"RISM A I, C 3187",Paris,Bibliothèque nationale de France,RES VM1-18 ,This work is licensed under a Creative Commons Attribution-NonCommercial 4.0 International License,Centre d'Études Supérieures de la Renaissance | Haverford College
CRIM_Mass_0004_5.mei,Missa Virginis Mariae: Agnus Dei,Missa Virginis Mariae,Agnus Dei,Pierre Clereau,http://viaf.org/viaf/19864891,https://data.bnf.fr/ark:/12148/cb138925778,1557,Vincent Besson | Marco Gurrieri | Richard Freedman,,CRIM_Source_0011,"Missa cum quatuor vocibus, Ad imitationem Missae Virginis Mariae, condita. ","Missa cum quatuor vocibus, ad imitationem Missae Virginis Mariae, condita . Nunc primum in lucem edita. Authore D. Petro Cler'eau, quondam pueris symphoniacis Ecclesiae Tulensis, praefecto.",Nicolas Du Chemin,http://viaf.org/viaf/9901501,https://data.bnf.fr/ark:/12148/cb12230484c,1557,"RISM A I, C 3187",Paris,Bibliothèque nationale de France,RES VM1-18 ,This work is licensed under a Creative Commons Attribution-NonCommercial 4.0 International License,Centre d'Études Supérieures de la Renaissance | Haverford College
,,,,,,,,,,,,,,,,,,,,,,
CRIM_Mass_0005_1.mei,Missa Ave Maria: Kyrie,Missa Ave Maria,Kyrie,Antoine de Févin,http://viaf.org/viaf/3285407,https://data.bnf.fr/ark:/12148/cb147860063,1515,Vincent Besson | Marco Gurrieri | Richard Freedman,,CRIM_Source_0017,Missa Sancta trinitas. Missa Mente tota. Missa Ave Maria. Missa Le vilayn jaloys. Missa quarti toni.,Misse Antonii de Feuin. Sancta trinitas. Mente tota. Aue Maria. Le vilayn ialoys. Roberti de feuin. Quarti toni. Pierzon.,Ottaviano Petrucci,http://viaf.org/viaf/250784303,https://data.bnf.fr/ark:/12148/cb13482403j,1515,"RISM B I, 1515-01",London,The British Library,K.1.d.12,This work is licensed under a Creative Commons Attribution-NonCommercial 4.0 International License,Centre d'Études Supérieures de la Renaissance | Haverford College
CRIM_Mass_0005_2.mei,Missa Ave Maria: Gloria,Missa Ave Maria,Gloria,Antoine de Févin,http://viaf.org/viaf/3285407,https://data.bnf.fr/ark:/12148/cb147860063,1515,Vincent Besson | Marco Gurrieri | Richard Freedman,,CRIM_Source_0017,Missa Sancta trinitas. Missa Mente tota. Missa Ave Maria. Missa Le vilayn jaloys. Missa quarti toni.,Misse Antonii de Feuin. Sancta trinitas. Mente tota. Aue Maria. Le vilayn ialoys. Roberti de feuin. Quarti toni. Pierzon.,Ottaviano Petrucci,http://viaf.org/viaf/250784303,https://data.bnf.fr/ark:/12148/cb13482403j,1515,"RISM B I, 1515-01",London,The British Library,K.1.d.12,This work is licensed under a Creative Commons Attribution-NonCommercial 4.0 International License,Centre d'Études Supérieures de la Renaissance | Haverford College
CRIM_Mass_0005_3.mei,Missa Ave Maria: Credo,Missa Ave Maria,Credo,Antoine de Févin,http://viaf.org/viaf/3285407,https://data.bnf.fr/ark:/12148/cb147860063,1515,Vincent Besson | Marco Gurrieri | Richard Freedman,,CRIM_Source_0017,Missa Sancta trinitas. Missa Mente tota. Missa Ave Maria. Missa Le vilayn jaloys. Missa quarti toni.,Misse Antonii de Feuin. Sancta trinitas. Mente tota. Aue Maria. Le vilayn ialoys. Roberti de feuin. Quarti toni. Pierzon.,Ottaviano Petrucci,http://viaf.org/viaf/250784303,https://data.bnf.fr/ark:/12148/cb13482403j,1515,"RISM B I, 1515-01",London,The British Library,K.1.d.12,This work is licensed under a Creative Commons Attribution-NonCommercial 4.0 International License,Centre d'Études Supérieures de la Renaissance | Haverford College
CRIM_Mass_0005_4.mei,Missa Ave Maria: Sanctus,Missa Ave Maria,Sanctus,Antoine de Févin,http://viaf.org/viaf/3285407,https://data.bnf.fr/ark:/12148/cb147860063,1515,Vincent Besson | Marco Gurrieri | Richard Freedman,,CRIM_Source_0017,Missa Sancta trinitas. Missa Mente tota. Missa Ave Maria. Missa Le vilayn jaloys. Missa quarti toni.,Misse Antonii de Feuin. Sancta trinitas. Mente tota. Aue Maria. Le vilayn ialoys. Roberti de feuin. Quarti toni. Pierzon.,Ottaviano Petrucci,http://viaf.org/viaf/250784303,https://data.bnf.fr/ark:/12148/cb13482403j,1515,"RISM B I, 1515-01",London,The British Library,K.1.d.12,This work is licensed under a Creative Commons Attribution-NonCommercial 4.0 International License,Centre d'Études Supérieures de la Renaissance | Haverford College
CRIM_Mass_0005_5.mei,Missa Ave Maria: Agnus Dei,Missa Ave Maria,Agnus Dei,Antoine de Févin,http://viaf.org/viaf/3285407,https://data.bnf.fr/ark:/12148/cb147860063,1515,Vincent Besson | Marco Gurrieri | Richard Freedman,,CRIM_Source_0017,Missa Sancta trinitas. Missa Mente tota. Missa Ave Maria. Missa Le vilayn jaloys. Missa quarti toni.,Misse Antonii de Feuin. Sancta trinitas. Mente tota. Aue Maria. Le vilayn ialoys. Roberti de feuin. Quarti toni. Pierzon.,Ottaviano Petrucci,http://viaf.org/viaf/250784303,https://data.bnf.fr/ark:/12148/cb13482403j,1515,"RISM B I, 1515-01",London,The British Library,K.1.d.12,This work is licensed under a Creative Commons Attribution-NonCommercial 4.0 International License,Centre d'Études Supérieures de la Renaissance | Haverford College
,,,,,,,,,,,,,,,,,,,,,,
CRIM_Mass_0006_1.mei,Missa Je suis déshéritée: Kyrie,Missa Je suis Déshéritée,Kyrie,Jean Guyon,http://viaf.org/viaf/51955127,https://data.bnf.fr/ark:/12148/cb148142375,1556,Vincent Besson | Marco Gurrieri | Richard Freedman,,CRIM_Source_0019,"Missa cum quatuor vocibus, ad imitationem cantionis le suis deshéritée, condita.","Missa cum quatuor vocibus, ad imitationem cantionis le suis deshéritée, condita. Nunc primum in lucem edita. Autore D. Ionne Guyon, Ecclesiae Carnotensis canonico, & pueris symphoniacis praefecto.",Nicolas Du Chemin,http://viaf.org/viaf/9901501,https://data.bnf.fr/ark:/12148/cb12230484c,1556,"RISM A I, G 5172",Paris,Bibliothèque nationale de France,RES VM1-16 ,This work is licensed under a Creative Commons Attribution-NonCommercial 4.0 International License,Centre d'Études Supérieures de la Renaissance | Haverford College
CRIM_Mass_0006_2.mei,Missa Je suis déshéritée: Gloria,Missa Je suis Déshéritée,Gloria,Jean Guyon,http://viaf.org/viaf/51955127,https://data.bnf.fr/ark:/12148/cb148142375,1556,Vincent Besson | Marco Gurrieri | Richard Freedman,,CRIM_Source_0019,"Missa cum quatuor vocibus, ad imitationem cantionis le suis deshéritée, condita.","Missa cum quatuor vocibus, ad imitationem cantionis le suis deshéritée, condita. Nunc primum in lucem edita. Autore D. Ionne Guyon, Ecclesiae Carnotensis canonico, & pueris symphoniacis praefecto.",Nicolas Du Chemin,http://viaf.org/viaf/9901501,https://data.bnf.fr/ark:/12148/cb12230484c,1556,"RISM A I, G 5172",Paris,Bibliothèque nationale de France,RES VM1-16 ,This work is licensed under a Creative Commons Attribution-NonCommercial 4.0 International License,Centre d'Études Supérieures de la Renaissance | Haverford College
CRIM_Mass_0006_3.mei,Missa Je suis déshéritée: Credo,Missa Je suis Déshéritée,Credo,Jean Guyon,http://viaf.org/viaf/51955127,https://data.bnf.fr/ark:/12148/cb148142375,1556,Vincent Besson | Marco Gurrieri | Richard Freedman,,CRIM_Source_0019,"Missa cum quatuor vocibus, ad imitationem cantionis le suis deshéritée, condita.","Missa cum quatuor vocibus, ad imitationem cantionis le suis deshéritée, condita. Nunc primum in lucem edita. Autore D. Ionne Guyon, Ecclesiae Carnotensis canonico, & pueris symphoniacis praefecto.",Nicolas Du Chemin,http://viaf.org/viaf/9901501,https://data.bnf.fr/ark:/12148/cb12230484c,1556,"RISM A I, G 5172",Paris,Bibliothèque nationale de France,RES VM1-16 ,This work is licensed under a Creative Commons Attribution-NonCommercial 4.0 International License,Centre d'Études Supérieures de la Renaissance | Haverford College
CRIM_Mass_0006_4.mei,Missa Je suis déshéritée: Sanctus,Missa Je suis Déshéritée,Sanctus,Jean Guyon,http://viaf.org/viaf/51955127,https://data.bnf.fr/ark:/12148/cb148142375,1556,Vincent Besson | Marco Gurrieri | Richard Freedman,,CRIM_Source_0019,"Missa cum quatuor vocibus, ad imitationem cantionis le suis deshéritée, condita.","Missa cum quatuor vocibus, ad imitationem cantionis le suis deshéritée, condita. Nunc primum in lucem edita. Autore D. Ionne Guyon, Ecclesiae Carnotensis canonico, & pueris symphoniacis praefecto.",Nicolas Du Chemin,http://viaf.org/viaf/9901501,https://data.bnf.fr/ark:/12148/cb12230484c,1556,"RISM A I, G 5172",Paris,Bibliothèque nationale de France,RES VM1-16 ,This work is licensed under a Creative Commons Attribution-NonCommercial 4.0 International License,Centre d'Études Supérieures de la Renaissance | Haverford College
CRIM_Mass_0006_5.mei,Missa Je suis déshéritée: Agnus Dei,Missa Je suis Déshéritée,Agnus Dei,Jean Guyon,http://viaf.org/viaf/51955127,https://data.bnf.fr/ark:/12148/cb148142375,1556,Vincent Besson | Marco Gurrieri | Richard Freedman,,CRIM_Source_0019,"Missa cum quatuor vocibus, ad imitationem cantionis le suis deshéritée, condita.","Missa cum quatuor vocibus, ad imitationem cantionis le suis deshéritée, condita. Nunc primum in lucem edita. Autore D. Ionne Guyon, Ecclesiae Carnotensis canonico, & pueris symphoniacis praefecto.",Nicolas Du Chemin,http://viaf.org/viaf/9901501,https://data.bnf.fr/ark:/12148/cb12230484c,1556,"RISM A I, G 5172",Paris,Bibliothèque nationale de France,RES VM1-16 ,This work is licensed under a Creative Commons Attribution-NonCommercial 4.0 International License,Centre d'Études Supérieures de la Renaissance | Haverford College
,,,,,,,,,,,,,,,,,,,,,,
CRIM_Mass_0007_1.mei,Missa Je suis déshéritée: Kyrie,Missa Je suis Déshéritée,Kyrie,Nicolas Gombert,http://viaf.org/viaf/87113257,https://data.bnf.fr/ark:/12148/cb138945919,1557,Vincent Besson | Marco Gurrieri | Richard Freedman,,CRIM_Source_0021,"Missa cum quatuor vocibus, ad imitationem cantionis le suis deshéritée","Missa cum quatuor vocibus, ad imitationem cantionis le suis deshéritée, condita à D. Nicolao Gombert: Nunc primum in lucem edita.",Nicolas Du Chemin,http://viaf.org/viaf/9901501,https://data.bnf.fr/ark:/12148/cb12230484c,1557,"RISM A I, G 2976",Paris,Bibliothèque nationale de France,RES VM1-19,This work is licensed under a Creative Commons Attribution-NonCommercial 4.0 International License,Centre d'Études Supérieures de la Renaissance | Haverford College
CRIM_Mass_0007_2.mei,Missa Je suis déshéritée: Gloria,Missa Je suis Déshéritée,Gloria,Nicolas Gombert,http://viaf.org/viaf/87113257,https://data.bnf.fr/ark:/12148/cb138945919,1557,Vincent Besson | Marco Gurrieri | Richard Freedman,,CRIM_Source_0021,"Missa cum quatuor vocibus, ad imitationem cantionis le suis deshéritée","Missa cum quatuor vocibus, ad imitationem cantionis le suis deshéritée, condita à D. Nicolao Gombert: Nunc primum in lucem edita.",Nicolas Du Chemin,http://viaf.org/viaf/9901501,https://data.bnf.fr/ark:/12148/cb12230484c,1557,"RISM A I, G 2976",Paris,Bibliothèque nationale de France,RES VM1-19,This work is licensed under a Creative Commons Attribution-NonCommercial 4.0 International License,Centre d'Études Supérieures de la Renaissance | Haverford College
CRIM_Mass_0007_3.mei,Missa Je suis déshéritée: Credo,Missa Je suis Déshéritée,Credo,Nicolas Gombert,http://viaf.org/viaf/87113257,https://data.bnf.fr/ark:/12148/cb138945919,1557,Vincent Besson | Marco Gurrieri | Richard Freedman,,CRIM_Source_0021,"Missa cum quatuor vocibus, ad imitationem cantionis le suis deshéritée","Missa cum quatuor vocibus, ad imitationem cantionis le suis deshéritée, condita à D. Nicolao Gombert: Nunc primum in lucem edita.",Nicolas Du Chemin,http://viaf.org/viaf/9901501,https://data.bnf.fr/ark:/12148/cb12230484c,1557,"RISM A I, G 2976",Paris,Bibliothèque nationale de France,RES VM1-19,This work is licensed under a Creative Commons Attribution-NonCommercial 4.0 International License,Centre d'Études Supérieures de la Renaissance | Haverford College
CRIM_Mass_0007_4.mei,Missa Je suis déshéritée: Sanctus,Missa Je suis Déshéritée,Sanctus,Nicolas Gombert,http://viaf.org/viaf/87113257,https://data.bnf.fr/ark:/12148/cb138945919,1557,Vincent Besson | Marco Gurrieri | Richard Freedman,,CRIM_Source_0021,"Missa cum quatuor vocibus, ad imitationem cantionis le suis deshéritée","Missa cum quatuor vocibus, ad imitationem cantionis le suis deshéritée, condita à D. Nicolao Gombert: Nunc primum in lucem edita.",Nicolas Du Chemin,http://viaf.org/viaf/9901501,https://data.bnf.fr/ark:/12148/cb12230484c,1557,"RISM A I, G 2976",Paris,Bibliothèque nationale de France,RES VM1-19,This work is licensed under a Creative Commons Attribution-NonCommercial 4.0 International License,Centre d'Études Supérieures de la Renaissance | Haverford College
CRIM_Mass_0007_5.mei,Missa Je suis déshéritée: Agnus Dei,Missa Je suis Déshéritée,Agnus Dei,Nicolas Gombert,http://viaf.org/viaf/87113257,https://data.bnf.fr/ark:/12148/cb138945919,1557,Vincent Besson | Marco Gurrieri | Richard Freedman,,CRIM_Source_0021,"Missa cum quatuor vocibus, ad imitationem cantionis le suis deshéritée","Missa cum quatuor vocibus, ad imitationem cantionis le suis deshéritée, condita à D. Nicolao Gombert: Nunc primum in lucem edita.",Nicolas Du Chemin,http://viaf.org/viaf/9901501,https://data.bnf.fr/ark:/12148/cb12230484c,1557,"RISM A I, G 2976",Paris,Bibliothèque nationale de France,RES VM1-19,This work is licensed under a Creative Commons Attribution-NonCommercial 4.0 International License,Centre d'Études Supérieures de la Renaissance | Haverford College
,,,,,,,,,,,,,,,,,,,,,,
CRIM_Mass_0008_1.mei,Missa Quare fremuerunt gentes: Kyrie,Missa Quare fremuerunt gentes,Kyrie,Claudin de Sermisy,http://viaf.org/viaf/89469141,https://data.bnf.fr/ark:/12148/cb13899672h,1556,Vincent Besson | Marco Gurrieri | Richard Freedman,,CRIM_Source_0022,"Missa cum quinque vocibus, ad imitationem moduli Quare fremuerunt gentes, condita.","Missa cum quinque vocibus, ad imitationem moduli Quare fremuerunt gentes, condita. Nunc primum in lucem edita. Autore D. Claudio de Sermisy Regio symphoniacorum ordini praefecto: & in regali Parisiensis palatij sacello canonico.",Nicolas Du Chemin,http://viaf.org/viaf/9901501,https://data.bnf.fr/ark:/12148/cb12230484c,1556,"RISM A I, S 2821",Paris,Bibliothèque nationale de France,RES VM1-3,This work is licensed under a Creative Commons Attribution-NonCommercial 4.0 International License,Centre d'Études Supérieures de la Renaissance | Haverford College
CRIM_Mass_0008_2.mei,Missa Quare fremuerunt gentes: Gloria,Missa Quare fremuerunt gentes,Gloria,Claudin de Sermisy,http://viaf.org/viaf/89469141,https://data.bnf.fr/ark:/12148/cb13899672h,1556,Vincent Besson | Marco Gurrieri | Richard Freedman,,CRIM_Source_0022,"Missa cum quinque vocibus, ad imitationem moduli Quare fremuerunt gentes, condita.","Missa cum quinque vocibus, ad imitationem moduli Quare fremuerunt gentes, condita. Nunc primum in lucem edita. Autore D. Claudio de Sermisy Regio symphoniacorum ordini praefecto: & in regali Parisiensis palatij sacello canonico.",Nicolas Du Chemin,http://viaf.org/viaf/9901501,https://data.bnf.fr/ark:/12148/cb12230484c,1556,"RISM A I, S 2821",Paris,Bibliothèque nationale de France,RES VM1-3,This work is licensed under a Creative Commons Attribution-NonCommercial 4.0 International License,Centre d'Études Supérieures de la Renaissance | Haverford College
CRIM_Mass_0008_3.mei,Missa Quare fremuerunt gentes: Credo,Missa Quare fremuerunt gentes,Credo,Claudin de Sermisy,http://viaf.org/viaf/89469141,https://data.bnf.fr/ark:/12148/cb13899672h,1556,Vincent Besson | Marco Gurrieri | Richard Freedman,,CRIM_Source_0022,"Missa cum quinque vocibus, ad imitationem moduli Quare fremuerunt gentes, condita.","Missa cum quinque vocibus, ad imitationem moduli Quare fremuerunt gentes, condita. Nunc primum in lucem edita. Autore D. Claudio de Sermisy Regio symphoniacorum ordini praefecto: & in regali Parisiensis palatij sacello canonico.",Nicolas Du Chemin,http://viaf.org/viaf/9901501,https://data.bnf.fr/ark:/12148/cb12230484c,1556,"RISM A I, S 2821",Paris,Bibliothèque nationale de France,RES VM1-3,This work is licensed under a Creative Commons Attribution-NonCommercial 4.0 International License,Centre d'Études Supérieures de la Renaissance | Haverford College
CRIM_Mass_0008_4.mei,Missa Quare fremuerunt gentes: Sanctus,Missa Quare fremuerunt gentes,Sanctus,Claudin de Sermisy,http://viaf.org/viaf/89469141,https://data.bnf.fr/ark:/12148/cb13899672h,1556,Vincent Besson | Marco Gurrieri | Richard Freedman,,CRIM_Source_0022,"Missa cum quinque vocibus, ad imitationem moduli Quare fremuerunt gentes, condita.","Missa cum quinque vocibus, ad imitationem moduli Quare fremuerunt gentes, condita. Nunc primum in lucem edita. Autore D. Claudio de Sermisy Regio symphoniacorum ordini praefecto: & in regali Parisiensis palatij sacello canonico.",Nicolas Du Chemin,http://viaf.org/viaf/9901501,https://data.bnf.fr/ark:/12148/cb12230484c,1556,"RISM A I, S 2821",Paris,Bibliothèque nationale de France,RES VM1-3,This work is licensed under a Creative Commons Attribution-NonCommercial 4.0 International License,Centre d'Études Supérieures de la Renaissance | Haverford College
CRIM_Mass_0008_5.mei,Missa Quare fremuerunt gentes: Agnus Dei,Missa Quare fremuerunt gentes,Agnus Dei,Claudin de Sermisy,http://viaf.org/viaf/89469141,https://data.bnf.fr/ark:/12148/cb13899672h,1556,Vincent Besson | Marco Gurrieri | Richard Freedman,,CRIM_Source_0022,"Missa cum quinque vocibus, ad imitationem moduli Quare fremuerunt gentes, condita.","Missa cum quinque vocibus, ad imitationem moduli Quare fremuerunt gentes, condita. Nunc primum in lucem edita. Autore D. Claudio de Sermisy Regio symphoniacorum ordini praefecto: & in regali Parisiensis palatij sacello canonico.",Nicolas Du Chemin,http://viaf.org/viaf/9901501,https://data.bnf.fr/ark:/12148/cb12230484c,1556,"RISM A I, S 2821",Paris,Bibliothèque nationale de France,RES VM1-3,This work is licensed under a Creative Commons Attribution-NonCommercial 4.0 International License,Centre d'Études Supérieures de la Renaissance | Haverford College
,,,,,,,,,,,,,,,,,,,,,,
CRIM_Mass_0009_1.mei,Missa Tota pulchra es: Kyrie,Missa Tota pulchra es,Kyrie,Claudin de Sermisy,http://viaf.org/viaf/89469141,https://data.bnf.fr/ark:/12148/cb13899672h,1556,Vincent Besson | Marco Gurrieri | Richard Freedman,,CRIM_Source_0024,"Missa cum quatuor vocibus paribus, ad imitationem moduli Tota pulchra es","Missa cum quatuor vocibus paribus, ad imitationem moduli Tota pulchra es, condita. Nunc primum in lucem edita.",Nicolas Du Chemin,http://viaf.org/viaf/9901501,https://data.bnf.fr/ark:/12148/cb12230484c,1556,"RISM A I, S 2822",Paris,Bibliothèque nationale de France,RES VM1-6 ,This work is licensed under a Creative Commons Attribution-NonCommercial 4.0 International License,Centre d'Études Supérieures de la Renaissance | Haverford College
CRIM_Mass_0009_2.mei,Missa Tota pulchra es: Gloria,Missa Tota pulchra es,Gloria,Claudin de Sermisy,http://viaf.org/viaf/89469141,https://data.bnf.fr/ark:/12148/cb13899672h,1556,Vincent Besson | Marco Gurrieri | Richard Freedman,,CRIM_Source_0024,"Missa cum quatuor vocibus paribus, ad imitationem moduli Tota pulchra es","Missa cum quatuor vocibus paribus, ad imitationem moduli Tota pulchra es, condita. Nunc primum in lucem edita.",Nicolas Du Chemin,http://viaf.org/viaf/9901501,https://data.bnf.fr/ark:/12148/cb12230484c,1556,"RISM A I, S 2822",Paris,Bibliothèque nationale de France,RES VM1-6 ,This work is licensed under a Creative Commons Attribution-NonCommercial 4.0 International License,Centre d'Études Supérieures de la Renaissance | Haverford College
CRIM_Mass_0009_3.mei,Missa Tota pulchra es: Credo,Missa Tota pulchra es,Credo,Claudin de Sermisy,http://viaf.org/viaf/89469141,https://data.bnf.fr/ark:/12148/cb13899672h,1556,Vincent Besson | Marco Gurrieri | Richard Freedman,,CRIM_Source_0024,"Missa cum quatuor vocibus paribus, ad imitationem moduli Tota pulchra es","Missa cum quatuor vocibus paribus, ad imitationem moduli Tota pulchra es, condita. Nunc primum in lucem edita.",Nicolas Du Chemin,http://viaf.org/viaf/9901501,https://data.bnf.fr/ark:/12148/cb12230484c,1556,"RISM A I, S 2822",Paris,Bibliothèque nationale de France,RES VM1-6 ,This work is licensed under a Creative Commons Attribution-NonCommercial 4.0 International License,Centre d'Études Supérieures de la Renaissance | Haverford College
CRIM_Mass_0009_4.mei,Missa Tota pulchra es: Sanctus,Missa Tota pulchra es,Sanctus,Claudin de Sermisy,http://viaf.org/viaf/89469141,https://data.bnf.fr/ark:/12148/cb13899672h,1556,Vincent Besson | Marco Gurrieri | Richard Freedman,,CRIM_Source_0024,"Missa cum quatuor vocibus paribus, ad imitationem moduli Tota pulchra es","Missa cum quatuor vocibus paribus, ad imitationem moduli Tota pulchra es, condita. Nunc primum in lucem edita.",Nicolas Du Chemin,http://viaf.org/viaf/9901501,https://data.bnf.fr/ark:/12148/cb12230484c,1556,"RISM A I, S 2822",Paris,Bibliothèque nationale de France,RES VM1-6 ,This work is licensed under a Creative Commons Attribution-NonCommercial 4.0 International License,Centre d'Études Supérieures de la Renaissance | Haverford College
CRIM_Mass_0009_5.mei,Missa Tota pulchra es: Agnus Dei,Missa Tota pulchra es,Agnus Dei,Claudin de Sermisy,http://viaf.org/viaf/89469141,https://data.bnf.fr/ark:/12148/cb13899672h,1556,Vincent Besson | Marco Gurrieri | Richard Freedman,,CRIM_Source_0024,"Missa cum quatuor vocibus paribus, ad imitationem moduli Tota pulchra es","Missa cum quatuor vocibus paribus, ad imitationem moduli Tota pulchra es, condita. Nunc primum in lucem edita.",Nicolas Du Chemin,http://viaf.org/viaf/9901501,https://data.bnf.fr/ark:/12148/cb12230484c,1556,"RISM A I, S 2822",Paris,Bibliothèque nationale de France,RES VM1-6 ,This work is licensed under a Creative Commons Attribution-NonCommercial 4.0 International License,Centre d'Études Supérieures de la Renaissance | Haverford College
,,,,,,,,,,,,,,,,,,,,,,
CRIM_Mass_0010_1.mei,Missa Voulant honneur: Kyrie,Missa Voulant honneur,Kyrie,Claudin de Sermisy,http://viaf.org/viaf/89469141,https://data.bnf.fr/ark:/12148/cb13899672h,1556,Vincent Besson | Marco Gurrieri | Richard Freedman,,CRIM_Source_0026,"Missa cum quatuor vocibus, ad imitationem cantionis Voulant honneur, condita.","Missa cum quatuor vocibus, ad imitationem cantionis Voulant honneur, condita. Nunc primum in lucem edita.",Nicolas Du Chemin,http://viaf.org/viaf/9901501,https://data.bnf.fr/ark:/12148/cb12230484c,1556,"RISM A I, S 2823",Paris,Bibliothèque nationale de France,RES VM1- 5 ,This work is licensed under a Creative Commons Attribution-NonCommercial 4.0 International License,Centre d'Études Supérieures de la Renaissance | Haverford College
CRIM_Mass_0010_2.mei,Missa Voulant honneur: Gloria,Missa Voulant honneur,Gloria,Claudin de Sermisy,http://viaf.org/viaf/89469141,https://data.bnf.fr/ark:/12148/cb13899672h,1556,Vincent Besson | Marco Gurrieri | Richard Freedman,,CRIM_Source_0026,"Missa cum quatuor vocibus, ad imitationem cantionis Voulant honneur, condita.","Missa cum quatuor vocibus, ad imitationem cantionis Voulant honneur, condita. Nunc primum in lucem edita.",Nicolas Du Chemin,http://viaf.org/viaf/9901501,https://data.bnf.fr/ark:/12148/cb12230484c,1556,"RISM A I, S 2823",Paris,Bibliothèque nationale de France,RES VM1- 5 ,This work is licensed under a Creative Commons Attribution-NonCommercial 4.0 International License,Centre d'Études Supérieures de la Renaissance | Haverford College
CRIM_Mass_0010_3.mei,Missa Voulant honneur: Credo,Missa Voulant honneur,Credo,Claudin de Sermisy,http://viaf.org/viaf/89469141,https://data.bnf.fr/ark:/12148/cb13899672h,1556,Vincent Besson | Marco Gurrieri | Richard Freedman,,CRIM_Source_0026,"Missa cum quatuor vocibus, ad imitationem cantionis Voulant honneur, condita.","Missa cum quatuor vocibus, ad imitationem cantionis Voulant honneur, condita. Nunc primum in lucem edita.",Nicolas Du Chemin,http://viaf.org/viaf/9901501,https://data.bnf.fr/ark:/12148/cb12230484c,1556,"RISM A I, S 2823",Paris,Bibliothèque nationale de France,RES VM1- 5 ,This work is licensed under a Creative Commons Attribution-NonCommercial 4.0 International License,Centre d'Études Supérieures de la Renaissance | Haverford College
CRIM_Mass_0010_4.mei,Missa Voulant honneur: Sanctus,Missa Voulant honneur,Sanctus,Claudin de Sermisy,http://viaf.org/viaf/89469141,https://data.bnf.fr/ark:/12148/cb13899672h,1556,Vincent Besson | Marco Gurrieri | Richard Freedman,,CRIM_Source_0026,"Missa cum quatuor vocibus, ad imitationem cantionis Voulant honneur, condita.","Missa cum quatuor vocibus, ad imitationem cantionis Voulant honneur, condita. Nunc primum in lucem edita.",Nicolas Du Chemin,http://viaf.org/viaf/9901501,https://data.bnf.fr/ark:/12148/cb12230484c,1556,"RISM A I, S 2823",Paris,Bibliothèque nationale de France,RES VM1- 5 ,This work is licensed under a Creative Commons Attribution-NonCommercial 4.0 International License,Centre d'Études Supérieures de la Renaissance | Haverford College
CRIM_Mass_0010_5.mei,Missa Voulant honneur: Agnus Dei,Missa Voulant honneur,Agnus Dei,Claudin de Sermisy,http://viaf.org/viaf/89469141,https://data.bnf.fr/ark:/12148/cb13899672h,1556,Vincent Besson | Marco Gurrieri | Richard Freedman,,CRIM_Source_0026,"Missa cum quatuor vocibus, ad imitationem cantionis Voulant honneur, condita.","Missa cum quatuor vocibus, ad imitationem cantionis Voulant honneur, condita. Nunc primum in lucem edita.",Nicolas Du Chemin,http://viaf.org/viaf/9901501,https://data.bnf.fr/ark:/12148/cb12230484c,1556,"RISM A I, S 2823",Paris,Bibliothèque nationale de France,RES VM1- 5 ,This work is licensed under a Creative Commons Attribution-NonCommercial 4.0 International License,Centre d'Études Supérieures de la Renaissance | Haverford College
,,,,,,,,,,,,,,,,,,,,,,
CRIM_Mass_0011_1.mei,Missa Je n’en puis plus durer: Kyrie,Missa Je n’en puis plus durer,Kyrie,Pierre Daulphin,http://viaf.org/viaf/79982683,https://data.bnf.fr/ark:/12148/cb14981701f,1557,Vincent Besson | Marco Gurrieri | Richard Freedman,,CRIM_Source_0028,"Missa cum quatuor vocibus, ad imitationem cantionis: Je n'en puis plus durer","Missa cum quatuor vocibus, ad imitationem cantionis: Je n'en puis plus durer, condita à D. Petro Daulphin: Nunc primum in lucem edita",Nicolas Du Chemin,http://viaf.org/viaf/9901501,https://data.bnf.fr/ark:/12148/cb12230484c,1557,"RISM A I, D 1087",Paris,Bibliothèque nationale de France,RES VM1-21 ,This work is licensed under a Creative Commons Attribution-NonCommercial 4.0 International License,Centre d'Études Supérieures de la Renaissance | Haverford College
CRIM_Mass_0011_2.mei,Missa Je n’en puis plus durer: Gloria,Missa Je n’en puis plus durer,Gloria,Pierre Daulphin,http://viaf.org/viaf/79982683,https://data.bnf.fr/ark:/12148/cb14981701f,1557,Vincent Besson | Marco Gurrieri | Richard Freedman,,CRIM_Source_0028,"Missa cum quatuor vocibus, ad imitationem cantionis: Je n'en puis plus durer","Missa cum quatuor vocibus, ad imitationem cantionis: Je n'en puis plus durer, condita à D. Petro Daulphin: Nunc primum in lucem edita",Nicolas Du Chemin,http://viaf.org/viaf/9901501,https://data.bnf.fr/ark:/12148/cb12230484c,1557,"RISM A I, D 1087",Paris,Bibliothèque nationale de France,RES VM1-21 ,This work is licensed under a Creative Commons Attribution-NonCommercial 4.0 International License,Centre d'Études Supérieures de la Renaissance | Haverford College
CRIM_Mass_0011_3.mei,Missa Je n’en puis plus durer: Credo,Missa Je n’en puis plus durer,Credo,Pierre Daulphin,http://viaf.org/viaf/79982683,https://data.bnf.fr/ark:/12148/cb14981701f,1557,Vincent Besson | Marco Gurrieri | Richard Freedman,,CRIM_Source_0028,"Missa cum quatuor vocibus, ad imitationem cantionis: Je n'en puis plus durer","Missa cum quatuor vocibus, ad imitationem cantionis: Je n'en puis plus durer, condita à D. Petro Daulphin: Nunc primum in lucem edita",Nicolas Du Chemin,http://viaf.org/viaf/9901501,https://data.bnf.fr/ark:/12148/cb12230484c,1557,"RISM A I, D 1087",Paris,Bibliothèque nationale de France,RES VM1-21 ,This work is licensed under a Creative Commons Attribution-NonCommercial 4.0 International License,Centre d'Études Supérieures de la Renaissance | Haverford College
CRIM_Mass_0011_4.mei,Missa Je n’en puis plus durer: Sanctus,Missa Je n’en puis plus durer,Sanctus,Pierre Daulphin,http://viaf.org/viaf/79982683,https://data.bnf.fr/ark:/12148/cb14981701f,1557,Vincent Besson | Marco Gurrieri | Richard Freedman,,CRIM_Source_0028,"Missa cum quatuor vocibus, ad imitationem cantionis: Je n'en puis plus durer","Missa cum quatuor vocibus, ad imitationem cantionis: Je n'en puis plus durer, condita à D. Petro Daulphin: Nunc primum in lucem edita",Nicolas Du Chemin,http://viaf.org/viaf/9901501,https://data.bnf.fr/ark:/12148/cb12230484c,1557,"RISM A I, D 1087",Paris,Bibliothèque nationale de France,RES VM1-21 ,This work is licensed under a Creative Commons Attribution-NonCommercial 4.0 International License,Centre d'Études Supérieures de la Renaissance | Haverford College
CRIM_Mass_0011_5.mei,Missa Je n’en puis plus durer: Agnus Dei,Missa Je n’en puis plus durer,Agnus Dei,Pierre Daulphin,http://viaf.org/viaf/79982683,https://data.bnf.fr/ark:/12148/cb14981701f,1557,Vincent Besson | Marco Gurrieri | Richard Freedman,,CRIM_Source_0028,"Missa cum quatuor vocibus, ad imitationem cantionis: Je n'en puis plus durer","Missa cum quatuor vocibus, ad imitationem cantionis: Je n'en puis plus durer, condita à D. Petro Daulphin: Nunc primum in lucem edita",Nicolas Du Chemin,http://viaf.org/viaf/9901501,https://data.bnf.fr/ark:/12148/cb12230484c,1557,"RISM A I, D 1087",Paris,Bibliothèque nationale de France,RES VM1-21 ,This work is licensed under a Creative Commons Attribution-NonCommercial 4.0 International License,Centre d'Études Supérieures de la Renaissance | Haverford College
,,,,,,,,,,,,,,,,,,,,,,
CRIM_Mass_0012_1.mei,Missa Si bona suscepimus: Kyrie,Missa Si bona suscepimus,Kyrie,Dominique Phinot,http://viaf.org/viaf/18161578,https://data.bnf.fr/ark:/12148/cb14795880p,1557,Vincent Besson | Marco Gurrieri | Richard Freedman,,CRIM_Source_0030,"Missa cum quatuor vocibus, ad imitationem moduli Si bona suscepimus, condita.","Missa cum quatuor vocibus, ad imitationem moduli Si bona suscepimus, condita.",Nicolas Du Chemin,http://viaf.org/viaf/9901501,https://data.bnf.fr/ark:/12148/cb12230484c,1557,"RISM A I, P 2024",Paris,Bibliothèque nationale de France,RES VM1-20 ,This work is licensed under a Creative Commons Attribution-NonCommercial 4.0 International License,Centre d'Études Supérieures de la Renaissance | Haverford College
CRIM_Mass_0012_2.mei,Missa Si bona suscepimus: Gloria,Missa Si bona suscepimus,Gloria,Dominique Phinot,http://viaf.org/viaf/18161578,https://data.bnf.fr/ark:/12148/cb14795880p,1557,Vincent Besson | Marco Gurrieri | Richard Freedman,,CRIM_Source_0030,"Missa cum quatuor vocibus, ad imitationem moduli Si bona suscepimus, condita.","Missa cum quatuor vocibus, ad imitationem moduli Si bona suscepimus, condita.",Nicolas Du Chemin,http://viaf.org/viaf/9901501,https://data.bnf.fr/ark:/12148/cb12230484c,1557,"RISM A I, P 2024",Paris,Bibliothèque nationale de France,RES VM1-20 ,This work is licensed under a Creative Commons Attribution-NonCommercial 4.0 International License,Centre d'Études Supérieures de la Renaissance | Haverford College
CRIM_Mass_0012_3.mei,Missa Si bona suscepimus: Credo,Missa Si bona suscepimus,Credo,Dominique Phinot,http://viaf.org/viaf/18161578,https://data.bnf.fr/ark:/12148/cb14795880p,1557,Vincent Besson | Marco Gurrieri | Richard Freedman,,CRIM_Source_0030,"Missa cum quatuor vocibus, ad imitationem moduli Si bona suscepimus, condita.","Missa cum quatuor vocibus, ad imitationem moduli Si bona suscepimus, condita.",Nicolas Du Chemin,http://viaf.org/viaf/9901501,https://data.bnf.fr/ark:/12148/cb12230484c,1557,"RISM A I, P 2024",Paris,Bibliothèque nationale de France,RES VM1-20 ,This work is licensed under a Creative Commons Attribution-NonCommercial 4.0 International License,Centre d'Études Supérieures de la Renaissance | Haverford College
CRIM_Mass_0012_4.mei,Missa Si bona suscepimus: Sanctus,Missa Si bona suscepimus,Sanctus,Dominique Phinot,http://viaf.org/viaf/18161578,https://data.bnf.fr/ark:/12148/cb14795880p,1557,Vincent Besson | Marco Gurrieri | Richard Freedman,,CRIM_Source_0030,"Missa cum quatuor vocibus, ad imitationem moduli Si bona suscepimus, condita.","Missa cum quatuor vocibus, ad imitationem moduli Si bona suscepimus, condita.",Nicolas Du Chemin,http://viaf.org/viaf/9901501,https://data.bnf.fr/ark:/12148/cb12230484c,1557,"RISM A I, P 2024",Paris,Bibliothèque nationale de France,RES VM1-20 ,This work is licensed under a Creative Commons Attribution-NonCommercial 4.0 International License,Centre d'Études Supérieures de la Renaissance | Haverford College
CRIM_Mass_0012_5.mei,Missa Si bona suscepimus: Agnus Dei,Missa Si bona suscepimus,Agnus Dei,Dominique Phinot,http://viaf.org/viaf/18161578,https://data.bnf.fr/ark:/12148/cb14795880p,1557,Vincent Besson | Marco Gurrieri | Richard Freedman,,CRIM_Source_0030,"Missa cum quatuor vocibus, ad imitationem moduli Si bona suscepimus, condita.","Missa cum quatuor vocibus, ad imitationem moduli Si bona suscepimus, condita.",Nicolas Du Chemin,http://viaf.org/viaf/9901501,https://data.bnf.fr/ark:/12148/cb12230484c,1557,"RISM A I, P 2024",Paris,Bibliothèque nationale de France,RES VM1-20 ,This work is licensed under a Creative Commons Attribution-NonCommercial 4.0 International License,Centre d'Études Supérieures de la Renaissance | Haverford College
,,,,,,,,,,,,,,,,,,,,,,
CRIM_Mass_0013_1.mei,Missa Quo abiit dilectus tuus: Kyrie,Missa Quo abiit dilectus tuus,Kyrie,Pierre de Manchicourt,http://viaf.org/viaf/34652147,https://data.bnf.fr/ark:/12148/cb13981916w,1556,Vincent Besson | Marco Gurrieri | Richard Freedman,,CRIM_Source_0032,"Missa cum quatuor vocibus, ad imitationem moduli Quo abijt dilectus tuus, condita","Missa cum quatuor vocibus, ad imitationem moduli Quo abijt dilectus tuus, condita",Nicolas Du Chemin,http://viaf.org/viaf/9901501,https://data.bnf.fr/ark:/12148/cb12230484c,1556,"RISM A I, M 275",Paris,Bibliothèque nationale de France,RES VM1-17,This work is licensed under a Creative Commons Attribution-NonCommercial 4.0 International License,Centre d'Études Supérieures de la Renaissance | Haverford College
CRIM_Mass_0013_2.mei,Missa Quo abiit dilectus tuus: Gloria,Missa Quo abiit dilectus tuus,Gloria,Pierre de Manchicourt,http://viaf.org/viaf/34652147,https://data.bnf.fr/ark:/12148/cb13981916w,1556,Vincent Besson | Marco Gurrieri | Richard Freedman,,CRIM_Source_0032,"Missa cum quatuor vocibus, ad imitationem moduli Quo abijt dilectus tuus, condita","Missa cum quatuor vocibus, ad imitationem moduli Quo abijt dilectus tuus, condita",Nicolas Du Chemin,http://viaf.org/viaf/9901501,https://data.bnf.fr/ark:/12148/cb12230484c,1556,"RISM A I, M 275",Paris,Bibliothèque nationale de France,RES VM1-17,This work is licensed under a Creative Commons Attribution-NonCommercial 4.0 International License,Centre d'Études Supérieures de la Renaissance | Haverford College
CRIM_Mass_0013_3.mei,Missa Quo abiit dilectus tuus: Credo,Missa Quo abiit dilectus tuus,Credo,Pierre de Manchicourt,http://viaf.org/viaf/34652147,https://data.bnf.fr/ark:/12148/cb13981916w,1556,Vincent Besson | Marco Gurrieri | Richard Freedman,,CRIM_Source_0032,"Missa cum quatuor vocibus, ad imitationem moduli Quo abijt dilectus tuus, condita","Missa cum quatuor vocibus, ad imitationem moduli Quo abijt dilectus tuus, condita",Nicolas Du Chemin,http://viaf.org/viaf/9901501,https://data.bnf.fr/ark:/12148/cb12230484c,1556,"RISM A I, M 275",Paris,Bibliothèque nationale de France,RES VM1-17,This work is licensed under a Creative Commons Attribution-NonCommercial 4.0 International License,Centre d'Études Supérieures de la Renaissance | Haverford College
CRIM_Mass_0013_4.mei,Missa Quo abiit dilectus tuus: Sanctus,Missa Quo abiit dilectus tuus,Sanctus,Pierre de Manchicourt,http://viaf.org/viaf/34652147,https://data.bnf.fr/ark:/12148/cb13981916w,1556,Vincent Besson | Marco Gurrieri | Richard Freedman,,CRIM_Source_0032,"Missa cum quatuor vocibus, ad imitationem moduli Quo abijt dilectus tuus, condita","Missa cum quatuor vocibus, ad imitationem moduli Quo abijt dilectus tuus, condita",Nicolas Du Chemin,http://viaf.org/viaf/9901501,https://data.bnf.fr/ark:/12148/cb12230484c,1556,"RISM A I, M 275",Paris,Bibliothèque nationale de France,RES VM1-17,This work is licensed under a Creative Commons Attribution-NonCommercial 4.0 International License,Centre d'Études Supérieures de la Renaissance | Haverford College
CRIM_Mass_0013_5.mei,Missa Quo abiit dilectus tuus: Agnus Dei,Missa Quo abiit dilectus tuus,Agnus Dei,Pierre de Manchicourt,http://viaf.org/viaf/34652147,https://data.bnf.fr/ark:/12148/cb13981916w,1556,Vincent Besson | Marco Gurrieri | Richard Freedman,,CRIM_Source_0032,"Missa cum quatuor vocibus, ad imitationem moduli Quo abijt dilectus tuus, condita","Missa cum quatuor vocibus, ad imitationem moduli Quo abijt dilectus tuus, condita",Nicolas Du Chemin,http://viaf.org/viaf/9901501,https://data.bnf.fr/ark:/12148/cb12230484c,1556,"RISM A I, M 275",Paris,Bibliothèque nationale de France,RES VM1-17,This work is licensed under a Creative Commons Attribution-NonCommercial 4.0 International License,Centre d'Études Supérieures de la Renaissance | Haverford College
,,,,,,,,,,,,,,,,,,,,,,
CRIM_Mass_0014_1.mei,Missa Mente tota: Kyrie,Missa Mente tota,Kyrie,Antoine de Févin,http://viaf.org/viaf/3285407,https://data.bnf.fr/ark:/12148/cb147860063,1515,Vincent Besson | Marco Gurrieri | Richard Freedman,,CRIM_Source_0017,Missa Sancta trinitas. Missa Mente tota. Missa Ave Maria. Missa Le vilayn jaloys. Missa quarti toni.,Misse Antonii de Feuin. Sancta trinitas. Mente tota. Aue Maria. Le vilayn ialoys. Roberti de feuin. Quarti toni. Pierzon.,Ottaviano Petrucci,http://viaf.org/viaf/250784303,https://data.bnf.fr/ark:/12148/cb13482403j,1515,"RISM B I, 1515-01 ",London,The British Library,K.1.d.12,This work is licensed under a Creative Commons Attribution-NonCommercial 4.0 International License,Centre d'Études Supérieures de la Renaissance | Haverford College
CRIM_Mass_0014_2.mei,Missa Mente tota: Gloria,Missa Mente tota,Gloria,Antoine de Févin,http://viaf.org/viaf/3285407,https://data.bnf.fr/ark:/12148/cb147860063,1515,Vincent Besson | Marco Gurrieri | Richard Freedman,,CRIM_Source_0017,Missa Sancta trinitas. Missa Mente tota. Missa Ave Maria. Missa Le vilayn jaloys. Missa quarti toni.,Misse Antonii de Feuin. Sancta trinitas. Mente tota. Aue Maria. Le vilayn ialoys. Roberti de feuin. Quarti toni. Pierzon.,Ottaviano Petrucci,http://viaf.org/viaf/250784303,https://data.bnf.fr/ark:/12148/cb13482403j,1515,"RISM B I, 1515-01 ",London,The British Library,K.1.d.12,This work is licensed under a Creative Commons Attribution-NonCommercial 4.0 International License,Centre d'Études Supérieures de la Renaissance | Haverford College
CRIM_Mass_0014_3.mei,Missa Mente tota: Credo,Missa Mente tota,Credo,Antoine de Févin,http://viaf.org/viaf/3285407,https://data.bnf.fr/ark:/12148/cb147860063,1515,Vincent Besson | Marco Gurrieri | Richard Freedman,,CRIM_Source_0017,Missa Sancta trinitas. Missa Mente tota. Missa Ave Maria. Missa Le vilayn jaloys. Missa quarti toni.,Misse Antonii de Feuin. Sancta trinitas. Mente tota. Aue Maria. Le vilayn ialoys. Roberti de feuin. Quarti toni. Pierzon.,Ottaviano Petrucci,http://viaf.org/viaf/250784303,https://data.bnf.fr/ark:/12148/cb13482403j,1515,"RISM B I, 1515-01 ",London,The British Library,K.1.d.12,This work is licensed under a Creative Commons Attribution-NonCommercial 4.0 International License,Centre d'Études Supérieures de la Renaissance | Haverford College
CRIM_Mass_0014_4.mei,Missa Mente tota: Sanctus,Missa Mente tota,Sanctus,Antoine de Févin,http://viaf.org/viaf/3285407,https://data.bnf.fr/ark:/12148/cb147860063,1515,Vincent Besson | Marco Gurrieri | Richard Freedman,,CRIM_Source_0017,Missa Sancta trinitas. Missa Mente tota. Missa Ave Maria. Missa Le vilayn jaloys. Missa quarti toni.,Misse Antonii de Feuin. Sancta trinitas. Mente tota. Aue Maria. Le vilayn ialoys. Roberti de feuin. Quarti toni. Pierzon.,Ottaviano Petrucci,http://viaf.org/viaf/250784303,https://data.bnf.fr/ark:/12148/cb13482403j,1515,"RISM B I, 1515-01 ",London,The British Library,K.1.d.12,This work is licensed under a Creative Commons Attribution-NonCommercial 4.0 International License,Centre d'Études Supérieures de la Renaissance | Haverford College
CRIM_Mass_0014_5.mei,Missa Mente tota: Agnus Dei,Missa Mente tota,Agnus Dei,Antoine de Févin,http://viaf.org/viaf/3285407,https://data.bnf.fr/ark:/12148/cb147860063,1515,Vincent Besson | Marco Gurrieri | Richard Freedman,,CRIM_Source_0017,Missa Sancta trinitas. Missa Mente tota. Missa Ave Maria. Missa Le vilayn jaloys. Missa quarti toni.,Misse Antonii de Feuin. Sancta trinitas. Mente tota. Aue Maria. Le vilayn ialoys. Roberti de feuin. Quarti toni. Pierzon.,Ottaviano Petrucci,http://viaf.org/viaf/250784303,https://data.bnf.fr/ark:/12148/cb13482403j,1515,"RISM B I, 1515-01 ",London,The British Library,K.1.d.12,This work is licensed under a Creative Commons Attribution-NonCommercial 4.0 International License,Centre d'Études Supérieures de la Renaissance | Haverford College
,,,,,,,,,,,,,,,,,,,,,,
CRIM_Mass_0015_1.mei,Missa Benedicta es: Kyrie,Missa Benedicta es,Kyrie,Giovanni Pierluigi da Palestrina,http://viaf.org/viaf/92280854,https://data.bnf.fr/ark:/12148/cb13898203b,c. 1565 (1555-1575),Vincent Besson | Marco Gurrieri | Richard Freedman,,CRIM_Source_0035,D-Mbs Mus. MS 46,"D-Mbs Mus. MS 46 [4 Masses, 1 Requiem Mass]",Peter Steidl | Jean Pollet,http://viaf.org/viaf/52821616 | http://viaf.org/viaf/27888913,,c. 1565 (1555-1575),CENSUS MunBS 46,München,Bayerische Staatsbibliothek,Mus.ms. 46,This work is licensed under a Creative Commons Attribution-NonCommercial 4.0 International License,Centre d'Études Supérieures de la Renaissance | Haverford College
CRIM_Mass_0015_2.mei,Missa Benedicta es: Gloria,Missa Benedicta es,Gloria,Giovanni Pierluigi da Palestrina,http://viaf.org/viaf/92280854,https://data.bnf.fr/ark:/12148/cb13898203b,c. 1565 (1555-1575),Vincent Besson | Marco Gurrieri | Richard Freedman,,CRIM_Source_0035,D-Mbs Mus. MS 46,"D-Mbs Mus. MS 46 [4 Masses, 1 Requiem Mass]",Peter Steidl | Jean Pollet,http://viaf.org/viaf/52821616 | http://viaf.org/viaf/27888913,,c. 1565 (1555-1575),CENSUS MunBS 46,München,Bayerische Staatsbibliothek,Mus.ms. 46,This work is licensed under a Creative Commons Attribution-NonCommercial 4.0 International License,Centre d'Études Supérieures de la Renaissance | Haverford College
CRIM_Mass_0015_3.mei,Missa Benedicta es: Credo,Missa Benedicta es,Credo,Giovanni Pierluigi da Palestrina,http://viaf.org/viaf/92280854,https://data.bnf.fr/ark:/12148/cb13898203b,c. 1565 (1555-1575),Vincent Besson | Marco Gurrieri | Richard Freedman,,CRIM_Source_0035,D-Mbs Mus. MS 46,"D-Mbs Mus. MS 46 [4 Masses, 1 Requiem Mass]",Peter Steidl | Jean Pollet,http://viaf.org/viaf/52821616 | http://viaf.org/viaf/27888913,,c. 1565 (1555-1575),CENSUS MunBS 46,München,Bayerische Staatsbibliothek,Mus.ms. 46,This work is licensed under a Creative Commons Attribution-NonCommercial 4.0 International License,Centre d'Études Supérieures de la Renaissance | Haverford College
CRIM_Mass_0015_4.mei,Missa Benedicta es: Sanctus,Missa Benedicta es,Sanctus,Giovanni Pierluigi da Palestrina,http://viaf.org/viaf/92280854,https://data.bnf.fr/ark:/12148/cb13898203b,c. 1565 (1555-1575),Vincent Besson | Marco Gurrieri | Richard Freedman,,CRIM_Source_0035,D-Mbs Mus. MS 46,"D-Mbs Mus. MS 46 [4 Masses, 1 Requiem Mass]",Peter Steidl | Jean Pollet,http://viaf.org/viaf/52821616 | http://viaf.org/viaf/27888913,,c. 1565 (1555-1575),CENSUS MunBS 46,München,Bayerische Staatsbibliothek,Mus.ms. 46,This work is licensed under a Creative Commons Attribution-NonCommercial 4.0 International License,Centre d'Études Supérieures de la Renaissance | Haverford College
CRIM_Mass_0015_5.mei,Missa Benedicta es: Agnus Dei,Missa Benedicta es,Agnus Dei,Giovanni Pierluigi da Palestrina,http://viaf.org/viaf/92280854,https://data.bnf.fr/ark:/12148/cb13898203b,c. 1565 (1555-1575),Vincent Besson | Marco Gurrieri | Richard Freedman,,CRIM_Source_0035,D-Mbs Mus. MS 46,"D-Mbs Mus. MS 46 [4 Masses, 1 Requiem Mass]",Peter Steidl | Jean Pollet,http://viaf.org/viaf/52821616 | http://viaf.org/viaf/27888913,,c. 1565 (1555-1575),CENSUS MunBS 46,München,Bayerische Staatsbibliothek,Mus.ms. 46,This work is licensed under a Creative Commons Attribution-NonCommercial 4.0 International License,Centre d'Études Supérieures de la Renaissance | Haverford College
,,,,,,,,,,,,,,,,,,,,,,
CRIM_Mass_0016_1.mei,Missa Mente tota: Kyrie,Missa Mente tota,Kyrie,Adrian Willaert,http://viaf.org/viaf/14959955,https://data.bnf.fr/ark:/12148/cb13901166k,c. 1550 (1520-1560),Vincent Besson | Marco Gurrieri | Richard Freedman,,CRIM_Source_0037,D-Mbs Mus. MS 42,"D-Mbs Mus. MS 42 [6 Masses, 1 motet]",Anonymous,,,c. 1550 (1520-1560),CENSUS MunBS 42,München,Bayerische Staatsbibliothek,Mus.ms. 42,This work is licensed under a Creative Commons Attribution-NonCommercial 4.0 International License,Centre d'Études Supérieures de la Renaissance | Haverford College
CRIM_Mass_0016_2.mei,Missa Mente tota: Gloria,Missa Mente tota,Gloria,Adrian Willaert,http://viaf.org/viaf/14959955,https://data.bnf.fr/ark:/12148/cb13901166k,c. 1550 (1520-1560),Vincent Besson | Marco Gurrieri | Richard Freedman,,CRIM_Source_0037,D-Mbs Mus. MS 42,"D-Mbs Mus. MS 42 [6 Masses, 1 motet]",Anonymous,,,c. 1550 (1520-1560),CENSUS MunBS 42,München,Bayerische Staatsbibliothek,Mus.ms. 42,This work is licensed under a Creative Commons Attribution-NonCommercial 4.0 International License,Centre d'Études Supérieures de la Renaissance | Haverford College
CRIM_Mass_0016_3.mei,Missa Mente tota: Credo,Missa Mente tota,Credo,Adrian Willaert,http://viaf.org/viaf/14959955,https://data.bnf.fr/ark:/12148/cb13901166k,c. 1550 (1520-1560),Vincent Besson | Marco Gurrieri | Richard Freedman,,CRIM_Source_0037,D-Mbs Mus. MS 42,"D-Mbs Mus. MS 42 [6 Masses, 1 motet]",Anonymous,,,c. 1550 (1520-1560),CENSUS MunBS 42,München,Bayerische Staatsbibliothek,Mus.ms. 42,This work is licensed under a Creative Commons Attribution-NonCommercial 4.0 International License,Centre d'Études Supérieures de la Renaissance | Haverford College
CRIM_Mass_0016_4.mei,Missa Mente tota: Sanctus,Missa Mente tota,Sanctus,Adrian Willaert,http://viaf.org/viaf/14959955,https://data.bnf.fr/ark:/12148/cb13901166k,c. 1550 (1520-1560),Vincent Besson | Marco Gurrieri | Richard Freedman,,CRIM_Source_0037,D-Mbs Mus. MS 42,"D-Mbs Mus. MS 42 [6 Masses, 1 motet]",Anonymous,,,c. 1550 (1520-1560),CENSUS MunBS 42,München,Bayerische Staatsbibliothek,Mus.ms. 42,This work is licensed under a Creative Commons Attribution-NonCommercial 4.0 International License,Centre d'Études Supérieures de la Renaissance | Haverford College
CRIM_Mass_0016_5.mei,Missa Mente tota: Agnus Dei,Missa Mente tota,Agnus Dei,Adrian Willaert,http://viaf.org/viaf/14959955,https://data.bnf.fr/ark:/12148/cb13901166k,c. 1550 (1520-1560),Vincent Besson | Marco Gurrieri | Richard Freedman,,CRIM_Source_0037,D-Mbs Mus. MS 42,"D-Mbs Mus. MS 42 [6 Masses, 1 motet]",Anonymous,,,c. 1550 (1520-1560),CENSUS MunBS 42,München,Bayerische Staatsbibliothek,Mus.ms. 42,This work is licensed under a Creative Commons Attribution-NonCommercial 4.0 International License,Centre d'Études Supérieures de la Renaissance | Haverford College
,,,,,,,,,,,,,,,,,,,,,,
CRIM_Mass_0017_1.mei,Missa Baisiez moy: Kyrie,Missa Baisiez moy,Kyrie,Mathurin Forestier,http://viaf.org/viaf/71659032,https://data.bnf.fr/ark:/12148/cb14812546g,1513-1514,Vincent Besson | Marco Gurrieri | Richard Freedman,,CRIM_Source_0039,D-Ju MS 4,"D-Ju MS 4 [9 Masses, 1 Kyrie, 2 Credos]",Anonymous,,,1513-1514,CENSUS JenaU 4,Jena,Thüringer Universitäts- und Landesbibliothek,Chorbuch 4,This work is licensed under a Creative Commons Attribution-NonCommercial 4.0 International License,Centre d'Études Supérieures de la Renaissance | Haverford College
CRIM_Mass_0017_2.mei,Missa Baisiez moy: Gloria,Missa Baisiez moy,Gloria,Mathurin Forestier,http://viaf.org/viaf/71659032,https://data.bnf.fr/ark:/12148/cb14812546g,1513-1514,Vincent Besson | Marco Gurrieri | Richard Freedman,,CRIM_Source_0039,D-Ju MS 4,"D-Ju MS 4 [9 Masses, 1 Kyrie, 2 Credos]",Anonymous,,,1513-1514,CENSUS JenaU 4,Jena,Thüringer Universitäts- und Landesbibliothek,Chorbuch 4,This work is licensed under a Creative Commons Attribution-NonCommercial 4.0 International License,Centre d'Études Supérieures de la Renaissance | Haverford College
CRIM_Mass_0017_3.mei,Missa Baisiez moy: Credo,Missa Baisiez moy,Credo,Mathurin Forestier,http://viaf.org/viaf/71659032,https://data.bnf.fr/ark:/12148/cb14812546g,1513-1514,Vincent Besson | Marco Gurrieri | Richard Freedman,,CRIM_Source_0039,D-Ju MS 4,"D-Ju MS 4 [9 Masses, 1 Kyrie, 2 Credos]",Anonymous,,,1513-1514,CENSUS JenaU 4,Jena,Thüringer Universitäts- und Landesbibliothek,Chorbuch 4,This work is licensed under a Creative Commons Attribution-NonCommercial 4.0 International License,Centre d'Études Supérieures de la Renaissance | Haverford College
CRIM_Mass_0017_4.mei,Missa Baisiez moy: Sanctus,Missa Baisiez moy,Sanctus,Mathurin Forestier,http://viaf.org/viaf/71659032,https://data.bnf.fr/ark:/12148/cb14812546g,1513-1514,Vincent Besson | Marco Gurrieri | Richard Freedman,,CRIM_Source_0039,D-Ju MS 4,"D-Ju MS 4 [9 Masses, 1 Kyrie, 2 Credos]",Anonymous,,,1513-1514,CENSUS JenaU 4,Jena,Thüringer Universitäts- und Landesbibliothek,Chorbuch 4,This work is licensed under a Creative Commons Attribution-NonCommercial 4.0 International License,Centre d'Études Supérieures de la Renaissance | Haverford College
CRIM_Mass_0017_5.mei,Missa Baisiez moy: Agnus Dei,Missa Baisiez moy,Agnus Dei,Mathurin Forestier,http://viaf.org/viaf/71659032,https://data.bnf.fr/ark:/12148/cb14812546g,1513-1514,Vincent Besson | Marco Gurrieri | Richard Freedman,,CRIM_Source_0039,D-Ju MS 4,"D-Ju MS 4 [9 Masses, 1 Kyrie, 2 Credos]",Anonymous,,,1513-1514,CENSUS JenaU 4,Jena,Thüringer Universitäts- und Landesbibliothek,Chorbuch 4,This work is licensed under a Creative Commons Attribution-NonCommercial 4.0 International License,Centre d'Études Supérieures de la Renaissance | Haverford College
,,,,,,,,,,,,,,,,,,,,,,
CRIM_Mass_0018_1.mei,Missa Benedicta es: Kyrie,Missa Benedicta es,Kyrie,Cristóbal de Morales,http://viaf.org/viaf/100166082,https://data.bnf.fr/ark:/12148/cb13897680n,1551,Vincent Besson | Marco Gurrieri | Richard Freedman,,CRIM_Source_0040,Missarum Liber Secundus,Christophori Moralis Hispalensis Missarum Liber Secundus.,Jacques Moderne,http://viaf.org/viaf/89604712,https://data.bnf.fr/ark:/12148/cb13897583d,1551,"RISM A I, M 3583",Rochester,"Sibley Music Library, Eastman School of Music, University of Rochester",M1490 .M828M Folio,This work is licensed under a Creative Commons Attribution-NonCommercial 4.0 International License,Centre d'Études Supérieures de la Renaissance | Haverford College
CRIM_Mass_0018_2.mei,Missa Benedicta es: Gloria,Missa Benedicta es,Gloria,Cristóbal de Morales,http://viaf.org/viaf/100166082,https://data.bnf.fr/ark:/12148/cb13897680n,1551,Vincent Besson | Marco Gurrieri | Richard Freedman,,CRIM_Source_0040,Missarum Liber Secundus,Christophori Moralis Hispalensis Missarum Liber Secundus.,Jacques Moderne,http://viaf.org/viaf/89604712,https://data.bnf.fr/ark:/12148/cb13897583d,1551,"RISM A I, M 3583",Rochester,"Sibley Music Library, Eastman School of Music, University of Rochester",M1490 .M828M Folio,This work is licensed under a Creative Commons Attribution-NonCommercial 4.0 International License,Centre d'Études Supérieures de la Renaissance | Haverford College
CRIM_Mass_0018_3.mei,Missa Benedicta es: Credo,Missa Benedicta es,Credo,Cristóbal de Morales,http://viaf.org/viaf/100166082,https://data.bnf.fr/ark:/12148/cb13897680n,1551,Vincent Besson | Marco Gurrieri | Richard Freedman,,CRIM_Source_0040,Missarum Liber Secundus,Christophori Moralis Hispalensis Missarum Liber Secundus.,Jacques Moderne,http://viaf.org/viaf/89604712,https://data.bnf.fr/ark:/12148/cb13897583d,1551,"RISM A I, M 3583",Rochester,"Sibley Music Library, Eastman School of Music, University of Rochester",M1490 .M828M Folio,This work is licensed under a Creative Commons Attribution-NonCommercial 4.0 International License,Centre d'Études Supérieures de la Renaissance | Haverford College
CRIM_Mass_0018_4.mei,Missa Benedicta es: Sanctus,Missa Benedicta es,Sanctus,Cristóbal de Morales,http://viaf.org/viaf/100166082,https://data.bnf.fr/ark:/12148/cb13897680n,1551,Vincent Besson | Marco Gurrieri | Richard Freedman,,CRIM_Source_0040,Missarum Liber Secundus,Christophori Moralis Hispalensis Missarum Liber Secundus.,Jacques Moderne,http://viaf.org/viaf/89604712,https://data.bnf.fr/ark:/12148/cb13897583d,1551,"RISM A I, M 3583",Rochester,"Sibley Music Library, Eastman School of Music, University of Rochester",M1490 .M828M Folio,This work is licensed under a Creative Commons Attribution-NonCommercial 4.0 International License,Centre d'Études Supérieures de la Renaissance | Haverford College
CRIM_Mass_0018_5.mei,Missa Benedicta es: Agnus Dei,Missa Benedicta es,Agnus Dei,Cristóbal de Morales,http://viaf.org/viaf/100166082,https://data.bnf.fr/ark:/12148/cb13897680n,1551,Vincent Besson | Marco Gurrieri | Richard Freedman,,CRIM_Source_0040,Missarum Liber Secundus,Christophori Moralis Hispalensis Missarum Liber Secundus.,Jacques Moderne,http://viaf.org/viaf/89604712,https://data.bnf.fr/ark:/12148/cb13897583d,1551,"RISM A I, M 3583",Rochester,"Sibley Music Library, Eastman School of Music, University of Rochester",M1490 .M828M Folio,This work is licensed under a Creative Commons Attribution-NonCommercial 4.0 International License,Centre d'Études Supérieures de la Renaissance | Haverford College
,,,,,,,,,,,,,,,,,,,,,,
CRIM_Mass_0019_1.mei,Missa Veni sponsa Christi: Kyrie,Missa Veni Sponsa Christi,Kyrie,Giovanni Pierluigi da Palestrina,http://viaf.org/viaf/92280854,https://data.bnf.fr/ark:/12148/cb13898203b,1599,Vincent Besson | Marco Gurrieri | Richard Freedman,,CRIM_Source_0043,"Missarum cum quatuor, quinque, et sex vocibus, liber nonus","Joannis Petraloysii Praenestini Missarum cum quatuor, quinque, et sex vocibus, liber nonus. Nunc primum in lucem editus.",Girolamo Scotto,http://viaf.org/viaf/13137489,https://data.bnf.fr/ark:/12148/cb12231008d,1599,"RISM A I, P 683 ",Washington,The Library of Congress,M1490.P22 M3,This work is licensed under a Creative Commons Attribution-NonCommercial 4.0 International License,Centre d'Études Supérieures de la Renaissance | Haverford College
CRIM_Mass_0019_2.mei,Missa Veni sponsa Christi: Gloria,Missa Veni Sponsa Christi,Gloria,Giovanni Pierluigi da Palestrina,http://viaf.org/viaf/92280854,https://data.bnf.fr/ark:/12148/cb13898203b,1599,Vincent Besson | Marco Gurrieri | Richard Freedman,,CRIM_Source_0043,"Missarum cum quatuor, quinque, et sex vocibus, liber nonus","Joannis Petraloysii Praenestini Missarum cum quatuor, quinque, et sex vocibus, liber nonus. Nunc primum in lucem editus.",Girolamo Scotto,http://viaf.org/viaf/13137489,https://data.bnf.fr/ark:/12148/cb12231008d,1599,"RISM A I, P 683 ",Washington,The Library of Congress,M1490.P22 M3,This work is licensed under a Creative Commons Attribution-NonCommercial 4.0 International License,Centre d'Études Supérieures de la Renaissance | Haverford College
CRIM_Mass_0019_3.mei,Missa Veni sponsa Christi: Credo,Missa Veni Sponsa Christi,Credo,Giovanni Pierluigi da Palestrina,http://viaf.org/viaf/92280854,https://data.bnf.fr/ark:/12148/cb13898203b,1599,Vincent Besson | Marco Gurrieri | Richard Freedman,,CRIM_Source_0043,"Missarum cum quatuor, quinque, et sex vocibus, liber nonus","Joannis Petraloysii Praenestini Missarum cum quatuor, quinque, et sex vocibus, liber nonus. Nunc primum in lucem editus.",Girolamo Scotto,http://viaf.org/viaf/13137489,https://data.bnf.fr/ark:/12148/cb12231008d,1599,"RISM A I, P 683 ",Washington,The Library of Congress,M1490.P22 M3,This work is licensed under a Creative Commons Attribution-NonCommercial 4.0 International License,Centre d'Études Supérieures de la Renaissance | Haverford College
CRIM_Mass_0019_4.mei,Missa Veni sponsa Christi: Sanctus,Missa Veni Sponsa Christi,Sanctus,Giovanni Pierluigi da Palestrina,http://viaf.org/viaf/92280854,https://data.bnf.fr/ark:/12148/cb13898203b,1599,Vincent Besson | Marco Gurrieri | Richard Freedman,,CRIM_Source_0043,"Missarum cum quatuor, quinque, et sex vocibus, liber nonus","Joannis Petraloysii Praenestini Missarum cum quatuor, quinque, et sex vocibus, liber nonus. Nunc primum in lucem editus.",Girolamo Scotto,http://viaf.org/viaf/13137489,https://data.bnf.fr/ark:/12148/cb12231008d,1599,"RISM A I, P 683 ",Washington,The Library of Congress,M1490.P22 M3,This work is licensed under a Creative Commons Attribution-NonCommercial 4.0 International License,Centre d'Études Supérieures de la Renaissance | Haverford College
CRIM_Mass_0019_5.mei,Missa Veni sponsa Christi: Agnus Dei,Missa Veni Sponsa Christi,Agnus Dei,Giovanni Pierluigi da Palestrina,http://viaf.org/viaf/92280854,https://data.bnf.fr/ark:/12148/cb13898203b,1599,Vincent Besson | Marco Gurrieri | Richard Freedman,,CRIM_Source_0043,"Missarum cum quatuor, quinque, et sex vocibus, liber nonus","Joannis Petraloysii Praenestini Missarum cum quatuor, quinque, et sex vocibus, liber nonus. Nunc primum in lucem editus.",Girolamo Scotto,http://viaf.org/viaf/13137489,https://data.bnf.fr/ark:/12148/cb12231008d,1599,"RISM A I, P 683 ",Washington,The Library of Congress,M1490.P22 M3,This work is licensed under a Creative Commons Attribution-NonCommercial 4.0 International License,Centre d'Études Supérieures de la Renaissance | Haverford College
,,,,,,,,,,,,,,,,,,,,,,
CRIM_Mass_0020_1.mei,Missa Susanne un jour: Kyrie,Missa Susanne un jour,Kyrie,Roland de Lassus,http://viaf.org/viaf/23356192,https://data.bnf.fr/ark:/12148/cb12340814p,1570,Vincent Besson | Marco Gurrieri | Richard Freedman,,CRIM_Source_0045,"Praestantissimorum divinae musices auctorum missae decem, quatuor, quinque & sex vocum","Praestantissimorum divinae musices auctorum missae decem, quatuor, quinque & sex vocum, antehac nunquam excusae. Quorum nomina versa pagina invenies",Pierre Phalèse,http://viaf.org/viaf/2891420,https://data.bnf.fr/ark:/12148/cb13983707v,1570,"RISM B I, 1570-01",Leuven,Katholieke Universiteit Leuven,Rés. C 81,This work is licensed under a Creative Commons Attribution-NonCommercial 4.0 International License,Centre d'Études Supérieures de la Renaissance | Haverford College
CRIM_Mass_0020_2.mei,Missa Susanne un jour: Gloria,Missa Susanne un jour,Gloria,Roland de Lassus,http://viaf.org/viaf/23356192,https://data.bnf.fr/ark:/12148/cb12340814p,1570,Vincent Besson | Marco Gurrieri | Richard Freedman,,CRIM_Source_0045,"Praestantissimorum divinae musices auctorum missae decem, quatuor, quinque & sex vocum","Praestantissimorum divinae musices auctorum missae decem, quatuor, quinque & sex vocum, antehac nunquam excusae. Quorum nomina versa pagina invenies",Pierre Phalèse,http://viaf.org/viaf/2891420,https://data.bnf.fr/ark:/12148/cb13983707v,1570,"RISM B I, 1570-01",Leuven,Katholieke Universiteit Leuven,Rés. C 81,This work is licensed under a Creative Commons Attribution-NonCommercial 4.0 International License,Centre d'Études Supérieures de la Renaissance | Haverford College
CRIM_Mass_0020_3.mei,Missa Susanne un jour: Credo,Missa Susanne un jour,Credo,Roland de Lassus,http://viaf.org/viaf/23356192,https://data.bnf.fr/ark:/12148/cb12340814p,1570,Vincent Besson | Marco Gurrieri | Richard Freedman,,CRIM_Source_0045,"Praestantissimorum divinae musices auctorum missae decem, quatuor, quinque & sex vocum","Praestantissimorum divinae musices auctorum missae decem, quatuor, quinque & sex vocum, antehac nunquam excusae. Quorum nomina versa pagina invenies",Pierre Phalèse,http://viaf.org/viaf/2891420,https://data.bnf.fr/ark:/12148/cb13983707v,1570,"RISM B I, 1570-01",Leuven,Katholieke Universiteit Leuven,Rés. C 81,This work is licensed under a Creative Commons Attribution-NonCommercial 4.0 International License,Centre d'Études Supérieures de la Renaissance | Haverford College
CRIM_Mass_0020_4.mei,Missa Susanne un jour: Sanctus,Missa Susanne un jour,Sanctus,Roland de Lassus,http://viaf.org/viaf/23356192,https://data.bnf.fr/ark:/12148/cb12340814p,1570,Vincent Besson | Marco Gurrieri | Richard Freedman,,CRIM_Source_0045,"Praestantissimorum divinae musices auctorum missae decem, quatuor, quinque & sex vocum","Praestantissimorum divinae musices auctorum missae decem, quatuor, quinque & sex vocum, antehac nunquam excusae. Quorum nomina versa pagina invenies",Pierre Phalèse,http://viaf.org/viaf/2891420,https://data.bnf.fr/ark:/12148/cb13983707v,1570,"RISM B I, 1570-01",Leuven,Katholieke Universiteit Leuven,Rés. C 81,This work is licensed under a Creative Commons Attribution-NonCommercial 4.0 International License,Centre d'Études Supérieures de la Renaissance | Haverford College
CRIM_Mass_0020_5.mei,Missa Susanne un jour: Agnus Dei,Missa Susanne un jour,Agnus Dei,Roland de Lassus,http://viaf.org/viaf/23356192,https://data.bnf.fr/ark:/12148/cb12340814p,1570,Vincent Besson | Marco Gurrieri | Richard Freedman,,CRIM_Source_0045,"Praestantissimorum divinae musices auctorum missae decem, quatuor, quinque & sex vocum","Praestantissimorum divinae musices auctorum missae decem, quatuor, quinque & sex vocum, antehac nunquam excusae. Quorum nomina versa pagina invenies",Pierre Phalèse,http://viaf.org/viaf/2891420,https://data.bnf.fr/ark:/12148/cb13983707v,1570,"RISM B I, 1570-01",Leuven,Katholieke Universiteit Leuven,Rés. C 81,This work is licensed under a Creative Commons Attribution-NonCommercial 4.0 International License,Centre d'Études Supérieures de la Renaissance | Haverford College
,,,,,,,,,,,,,,,,,,,,,,
CRIM_Mass_0021_1.mei,Missa super Ite rime dolenti: Kyrie,Missa super Ite rime dolenti,Kyrie,Roland de Lassus,http://viaf.org/viaf/23356192,https://data.bnf.fr/ark:/12148/cb12340814p,1574,,,CRIM_Source_0051,Patrocinium musices […] missae aliquot quinque vocum. Secunda pars,Patrocinium musices. Orlandi de Lasso […] missae aliquot quinque vocum. Secunda pars,Adam Berg,http://viaf.org/viaf/34860935,https://data.bnf.fr/ark:/12148/cb12229221w,1574,"RISM A I, L 873",Paris,Bibliothèque nationale de France,RES F-847,This work is licensed under a Creative Commons Attribution-NonCommercial 4.0 International License,Centre d'Études Supérieures de la Renaissance | Haverford College
CRIM_Mass_0021_2.mei,Missa super Ite rime dolenti: Gloria,Missa super Ite rime dolenti,Gloria,Roland de Lassus,http://viaf.org/viaf/23356192,https://data.bnf.fr/ark:/12148/cb12340814p,1574,,,CRIM_Source_0051,Patrocinium musices […] missae aliquot quinque vocum. Secunda pars,Patrocinium musices. Orlandi de Lasso […] missae aliquot quinque vocum. Secunda pars,Adam Berg,http://viaf.org/viaf/34860935,https://data.bnf.fr/ark:/12148/cb12229221w,1574,"RISM A I, L 873",Paris,Bibliothèque nationale de France,RES F-847,This work is licensed under a Creative Commons Attribution-NonCommercial 4.0 International License,Centre d'Études Supérieures de la Renaissance | Haverford College
CRIM_Mass_0021_3.mei,Missa super Ite rime dolenti: Credo,Missa super Ite rime dolenti,Credo,Roland de Lassus,http://viaf.org/viaf/23356192,https://data.bnf.fr/ark:/12148/cb12340814p,1574,,,CRIM_Source_0051,Patrocinium musices […] missae aliquot quinque vocum. Secunda pars,Patrocinium musices. Orlandi de Lasso […] missae aliquot quinque vocum. Secunda pars,Adam Berg,http://viaf.org/viaf/34860935,https://data.bnf.fr/ark:/12148/cb12229221w,1574,"RISM A I, L 873",Paris,Bibliothèque nationale de France,RES F-847,This work is licensed under a Creative Commons Attribution-NonCommercial 4.0 International License,Centre d'Études Supérieures de la Renaissance | Haverford College
CRIM_Mass_0021_4.mei,Missa super Ite rime dolenti: Sanctus,Missa super Ite rime dolenti,Sanctus,Roland de Lassus,http://viaf.org/viaf/23356192,https://data.bnf.fr/ark:/12148/cb12340814p,1574,,,CRIM_Source_0051,Patrocinium musices […] missae aliquot quinque vocum. Secunda pars,Patrocinium musices. Orlandi de Lasso […] missae aliquot quinque vocum. Secunda pars,Adam Berg,http://viaf.org/viaf/34860935,https://data.bnf.fr/ark:/12148/cb12229221w,1574,"RISM A I, L 873",Paris,Bibliothèque nationale de France,RES F-847,This work is licensed under a Creative Commons Attribution-NonCommercial 4.0 International License,Centre d'Études Supérieures de la Renaissance | Haverford College
CRIM_Mass_0021_5.mei,Missa super Ite rime dolenti: Agnus Dei,Missa super Ite rime dolenti,Agnus Dei,Roland de Lassus,http://viaf.org/viaf/23356192,https://data.bnf.fr/ark:/12148/cb12340814p,1574,,,CRIM_Source_0051,Patrocinium musices […] missae aliquot quinque vocum. Secunda pars,Patrocinium musices. Orlandi de Lasso […] missae aliquot quinque vocum. Secunda pars,Adam Berg,http://viaf.org/viaf/34860935,https://data.bnf.fr/ark:/12148/cb12229221w,1574,"RISM A I, L 873",Paris,Bibliothèque nationale de France,RES F-847,This work is licensed under a Creative Commons Attribution-NonCommercial 4.0 International License,Centre d'Études Supérieures de la Renaissance | Haverford College
,,,,,,,,,,,,,,,,,,,,,,
CRIM_Mass_0022_1.mei,Missa Il me souffit: Kyrie,Missa Il me souffit,Kyrie,Roland de Lassus,http://viaf.org/viaf/23356192,https://data.bnf.fr/ark:/12148/cb12340814p,1568,,,CRIM_Source_0053,D-As Tonkunst Schletterer 49,D-As Tonkunst Schletterer 49,Anonymous,,,1568,,Augsburg,Staats- und Stadtbibliothek,Tonkunst Schletterer 49,This work is licensed under a Creative Commons Attribution-NonCommercial 4.0 International License,Centre d'Études Supérieures de la Renaissance | Haverford College
CRIM_Mass_0022_2.mei,Missa Il me souffit: Gloria,Missa Il me souffit,Gloria,Roland de Lassus,http://viaf.org/viaf/23356192,https://data.bnf.fr/ark:/12148/cb12340814p,1568,,,CRIM_Source_0053,D-As Tonkunst Schletterer 49,D-As Tonkunst Schletterer 49,Anonymous,,,1568,,Augsburg,Staats- und Stadtbibliothek,Tonkunst Schletterer 49,This work is licensed under a Creative Commons Attribution-NonCommercial 4.0 International License,Centre d'Études Supérieures de la Renaissance | Haverford College
CRIM_Mass_0022_3.mei,Missa Il me souffit: Credo,Missa Il me souffit,Credo,Roland de Lassus,http://viaf.org/viaf/23356192,https://data.bnf.fr/ark:/12148/cb12340814p,1568,,,CRIM_Source_0053,D-As Tonkunst Schletterer 49,D-As Tonkunst Schletterer 49,Anonymous,,,1568,,Augsburg,Staats- und Stadtbibliothek,Tonkunst Schletterer 49,This work is licensed under a Creative Commons Attribution-NonCommercial 4.0 International License,Centre d'Études Supérieures de la Renaissance | Haverford College
CRIM_Mass_0022_4.mei,Missa Il me souffit: Sanctus,Missa Il me souffit,Sanctus,Roland de Lassus,http://viaf.org/viaf/23356192,https://data.bnf.fr/ark:/12148/cb12340814p,1568,,,CRIM_Source_0053,D-As Tonkunst Schletterer 49,D-As Tonkunst Schletterer 49,Anonymous,,,1568,,Augsburg,Staats- und Stadtbibliothek,Tonkunst Schletterer 49,This work is licensed under a Creative Commons Attribution-NonCommercial 4.0 International License,Centre d'Études Supérieures de la Renaissance | Haverford College
CRIM_Mass_0022_5.mei,Missa Il me souffit: Agnus Dei,Missa Il me souffit,Agnus Dei,Roland de Lassus,http://viaf.org/viaf/23356192,https://data.bnf.fr/ark:/12148/cb12340814p,1568,,,CRIM_Source_0053,D-As Tonkunst Schletterer 49,D-As Tonkunst Schletterer 49,Anonymous,,,1568,,Augsburg,Staats- und Stadtbibliothek,Tonkunst Schletterer 49,This work is licensed under a Creative Commons Attribution-NonCommercial 4.0 International License,Centre d'Études Supérieures de la Renaissance | Haverford College